PS3_Skew	PS3_Kurt	FS1_Kurt	FS1_Std	TS1_Mean	TS1_Std	Label
-0.373578650883929	9.52216552388383	4.66173614374478	3.01542790161276	35.6219833333333	0.308229855441213	4
-0.312813671382993	9.94974456452677	4.63792070281592	3.00624813438903	36.6769666666667	0.585740179765816	4
-0.196022795887775	11.2132016264263	4.62457345702674	3.01424830002788	37.8808	0.559169080884261	4
-0.16620055290607	10.8833492361223	4.65571746831999	3.02017555832662	38.87905	0.51617574936962	4
0.0179919625181606	12.7312601157011	4.6194433623667	3.01155025329881	39.8039166666667	0.535373663005146	4
0.121776324188034	13.3143902940171	4.65270660380044	3.00485747696687	40.65945	0.510479117752154	4
-0.0662891785393658	11.1933104156597	4.70099962522077	3.0125156977745	41.4636333333333	0.510482688385456	4
0.0266541029468385	11.6252986096537	4.73425677655332	3.00471454525268	42.2152666666667	0.482575219979075	4
0.133962099926158	12.4889476308271	4.74825899331865	3.01383358063284	42.8919833333333	0.455513697413232	4
0.186960559251312	12.6136715902021	4.70671571713823	3.01064613277527	43.5328333333333	0.45666692853306	4
0.229275493378436	12.5945143334093	4.71709028311107	3.00718330401898	44.1061166666666	0.428950990510439	4
0.229717563237468	12.7158153080755	4.79783167001532	3.00515664095623	44.6385	0.406319424315736	4
0.219889775754523	12.548497849665	4.75670859418556	3.00796161929095	45.1596	0.38980752312487	4
0.321704187884282	13.3583946683289	4.8870553714463	3.01188578666032	45.6287333333333	0.400143527921986	4
0.489342660252436	15.3021497417138	4.9939341800823	3.02390018289003	46.0591833333333	0.361561748561153	4
0.483505800114989	15.4034215017463	4.9217746978685	3.0222046551306	46.46225	0.361467612305394	4
0.435815201237193	14.2419329329295	4.7891608426165	2.99827468055057	46.8395666666667	0.369196900599707	4
0.363853973538071	13.4951008034359	4.78011690606408	3.00871155633175	47.1521833333333	0.346244769484653	4
0.423190403150333	14.3651374485113	4.93489213071777	3.01864577690194	47.4697666666667	0.344803966249292	4
0.425362066788861	14.5198498044027	4.85195504693576	3.00327222737459	47.7510666666667	0.332348442159204	4
0.446150809364669	14.8470275001897	4.96355305412033	3.02104153699604	48.0262	0.339422480603426	4
0.48409024887223	15.0653279968961	4.84551579014834	2.99927697501309	48.27095	0.309748472315353	4
0.453462288637243	14.3567815038878	4.99231306138037	3.02349389245733	48.4995666666667	0.308093501472714	4
0.485843732844635	14.8107110037034	4.81530288673105	3.01244195207549	48.7113166666666	0.291482562880315	4
0.577346798543874	15.4121214126972	4.95653686937813	3.02422847968352	48.9195333333333	0.296062663240355	4
0.65796446960549	14.6333183634831	4.95426157949901	3.01894936440086	49.1100333333333	0.289788231660707	4
0.690480242367038	14.8093804312939	5.00322531118892	3.00532338848576	49.31875	0.30821941474722	4
0.641123824008075	15.6106337189798	5.08933497235571	3.03061916112307	49.4952333333333	0.277862017132555	4
0.663205628901599	15.9891236031781	5.01278455208104	3.01489659962174	49.6636333333333	0.309569135602233	4
0.649693227240529	16.440089587748	5.02271242708898	3.01924305859152	49.8244166666667	0.285804323938461	4
0.750929026261511	17.580576183302	5.01733758657655	3.00239913049514	49.9282666666666	0.274344758156016	4
0.711092898895755	17.2643153966671	4.94106993099791	3.00348145923174	50.0342833333333	0.272774762219592	4
0.649116839009158	16.8773682318257	5.02867096391423	3.01966701942077	50.1691333333334	0.275109929748687	4
0.684490137725119	17.0181680597556	5.07086870705028	3.01000863673546	50.2847666666667	0.269452638312906	4
0.726063542777793	17.3876796296491	5.05111908807346	3.02416459096463	50.3880833333333	0.242953737080915	4
0.759994384317454	17.3432632976696	5.04814593263532	3.0033472645116	50.5014833333333	0.271984763510607	4
0.801125864363802	18.075161560313	5.03389225455277	2.99764212214806	50.5957166666667	0.274131051900034	4
0.792046393573641	17.959702113991	5.04818103293678	3.01218079599069	50.6722166666667	0.265768096417622	4
0.77914317775031	17.4591660459641	5.04836157853776	3.01918753855458	50.71945	0.256428099745296	4
0.7457188685853	17.7215917311867	5.04095003843264	3.01011125563204	50.8144166666667	0.248365455966634	4
0.847266296703959	18.5715024428994	5.05237620588635	3.00659820038414	50.9051666666667	0.260923728492438	4
0.886654937764848	19.0091638665653	5.06451240566949	3.00150982178699	50.97945	0.252035673087114	4
0.786107768224926	18.0762104339157	5.05352897587902	2.98650093312723	51.0695166666667	0.255102803582164	4
0.982793266047621	19.7707874898857	5.12315430348727	2.99295874301549	51.1158666666666	0.2595879046219	4
0.774872618726108	18.0938675706671	5.10713450980077	2.99551898617934	51.1932166666667	0.254572828756808	4
0.795769473587279	18.178030097944	5.10383267653892	2.99064629982215	51.2180333333333	0.244511964052828	4
0.829828851836658	18.1845111657283	5.12825887603253	3.01316556525516	51.2861666666667	0.242610322042533	4
0.85651717417368	18.6859236316374	5.17158101601093	3.01650609347885	51.34835	0.241987940937812	4
0.90063608084374	18.8689984070335	5.14105532702498	2.99385506318201	51.3946166666667	0.262899484024912	4
0.875607185848083	18.770424793181	5.15994128308404	2.99173601676138	51.4683333333333	0.263148966426003	4
0.822721667833695	18.2722371714556	5.15827827891419	2.99071087108467	51.5210666666667	0.25053758246217	4
0.841930337653982	18.7937352373347	5.17287298153531	2.98992677036221	51.5684166666667	0.25130846004541	4
0.852044756272121	18.7269462215678	5.16041940180882	2.98451717128323	51.6132666666667	0.246930228714727	4
0.832707660569458	18.3043895199084	5.17316023376131	2.98918928572733	51.65735	0.233615272965429	4
0.852188705388856	18.8443960005342	5.17631760421187	2.98896766263359	51.7007	0.239025869105616	4
0.866417599731729	18.8785627459212	5.16653783433579	2.99931392762573	51.74395	0.244939247050698	4
0.904661568267865	19.0101767626165	5.21271011091815	3.00866984745501	51.7606333333333	0.219954846419162	4
0.88996090408486	18.8318552661909	5.17868575412016	2.98768617106256	51.7932	0.221400151577735	4
1.02300348352588	20.4231772960981	5.2045296577706	3.00677251607565	51.8459	0.265135507407317	4
0.997571893883085	20.4294230381866	5.19448829927357	3.00187988674118	51.8812833333333	0.247650730794958	4
0.985365321437712	19.6672449784324	5.19624065772548	2.9885974988567	51.9139166666667	0.231748643180104	4
0.988323082252956	20.0673812683862	5.18477489385042	2.98169201140455	51.9296	0.228634428061294	4
0.881243323858536	19.0342702651714	5.1800151289907	2.98977450556034	51.9160333333333	0.226929838083116	4
0.887911588992388	19.2504123050373	5.20735196973775	2.98700088346045	51.9795333333333	0.226063023061004	4
0.937128902860401	19.6352628671563	5.18650083539483	2.98400160203243	52.0033166666667	0.246255998234899	4
0.909644906375117	19.545635136781	5.19732975986941	2.98876015177927	52.0069	0.242303192897113	4
0.839485097022977	18.6699756628274	5.19091726890876	3.00279777692102	52.0275666666667	0.210194531905418	4
0.939376075597564	19.6242578697639	5.17605022199932	2.99078497534056	52.0647166666667	0.230792524896328	4
0.962817366797323	19.8776813682635	5.18047945454288	2.99916625649922	52.0979833333333	0.243007671753533	4
0.950194923273826	19.7722550194447	5.20182072816039	2.98694933944589	52.15565	0.23106047524477	4
0.905251761382478	19.3476159389426	5.19928434122781	2.98247481334589	52.15625	0.2241160886381	4
0.955847334318457	19.8618331242685	5.22324187835476	2.98680439899574	52.2102666666666	0.250125857585274	4
1.0001540473061	20.2202588208959	5.21363868162908	2.98323412474235	52.3048333333333	0.25739063279985	4
0.892609963298577	19.6078319232212	5.18894142340927	2.98936371139383	52.3784	0.254941814564734	4
0.917471085750029	19.6144080522624	5.2017554575554	3.00131942112853	52.4135833333333	0.241788063216786	4
0.917532331675155	19.5874284724469	5.23115641514329	2.98426406789156	52.4225833333333	0.264390843944305	4
0.975102216803293	19.8447709745912	5.19784814598496	2.99879294614995	52.52995	0.264793582862999	4
0.845372960772786	18.3433354092014	5.20152356845789	2.98514888379451	52.59775	0.251796435469715	4
1.03246699991775	20.82105391958	5.21444949719815	2.97838825302399	52.6382833333333	0.260071443356854	4
1.02092001519839	20.4159589581547	5.22588049087844	2.98862402842194	52.6954166666667	0.240291580762437	4
1.14664548410596	21.942133486899	5.22195323562915	2.98028670200802	52.6778333333333	0.244877704978384	4
0.988490454748213	19.7209238636992	5.19942782719309	2.98838585400558	52.7654833333333	0.259883447909203	4
1.06227576346778	20.8937062125894	5.21884423585913	2.98134229188233	52.7969166666667	0.237715489513835	4
1.04017938335756	20.5934622349623	5.23118673680775	2.97886088980731	52.8277166666667	0.253243106330567	4
1.07285246440321	21.274750302824	5.18745675939544	2.98106243469026	52.8336333333333	0.253825909021115	4
1.11264681274483	21.7385030762908	5.20929536310624	2.98542144737793	52.8925666666667	0.26795473730266	4
1.01368044931178	20.290960034698	5.23279835884957	2.98324145588247	52.9030833333333	0.238620704037768	4
0.987286082781791	20.4395266775121	5.23147828421845	2.9790216107896	52.9055166666667	0.24469839558579	4
1.00538184640725	20.4564810194785	5.22594950647222	2.9867199946876	52.9446	0.26003638598069	4
1.02155060847032	20.7277667914501	5.2178012951913	2.98565891138887	52.9832833333333	0.244379955048238	4
0.988022916565189	19.9582343879658	5.25583302278544	2.99109265047687	52.9999833333333	0.234695438536961	4
1.05914512316052	21.0247750949979	5.20332181529645	2.98592035510746	53.0193833333333	0.248888382284425	4
0.984449881673178	20.2178565198134	5.25060503191865	2.98194080811141	53.0524166666667	0.245674670622168	4
1.06084854316023	20.8455018749563	5.2592717199162	2.98803922255433	53.0695	0.25006226343297	4
1.21672257193333	22.8368935295296	5.24679586699683	2.99221165133511	53.1236833333334	0.254037865298955	4
1.10017245806911	21.1651571559548	5.21853080934966	2.98952718390429	53.1607166666667	0.272549923380036	4
0.894365553817682	19.115721064024	5.26032176707286	2.98062257852112	53.1828333333333	0.25224027868699	4
1.03108345576268	20.7738286365111	5.24062548643611	2.97633933179005	53.1940833333333	0.258309976162964	4
1.12746264371399	21.9446826991669	5.21027898485048	2.98446271267311	53.2139833333333	0.237627859725063	4
1.00314907710905	20.3407069321264	5.24324617300052	2.99283474551412	53.1986	0.226379402548697	4
1.02774558603393	20.7671356000847	5.2120671860666	2.98609987034202	53.2598	0.26445196289301	4
1.01415899004505	20.7316160906431	5.2567642875103	2.97512258359563	53.23425	0.230954953785291	4
1.09845455099095	21.5979456991357	5.28113435111468	2.97636415042309	53.2474166666667	0.241913788514517	4
1.10751302056136	21.5691005209231	5.244799004456	2.98402340656713	53.28325	0.225643984247572	4
0.991405749305246	20.2922985414494	5.27641149403999	2.97741689627872	53.3239333333333	0.263351725024627	4
1.06302821122868	21.3436266544164	5.24847948774161	2.98378849070055	53.3463166666667	0.242887397476912	4
0.944377141651528	19.745399354603	5.26712770314272	2.98822513663785	53.3500833333333	0.257670943204218	4
0.989025490915213	20.1494183323867	5.24861995611769	2.98196656548372	53.3827833333333	0.253553597561064	4
1.04597942481772	20.9616619482123	5.23741948688564	2.98071162833352	53.41795	0.247916225940832	4
1.05812058416008	21.0224178880666	5.30067691904321	2.99960812910802	53.4622166666667	0.241311184682988	4
1.07350341319436	21.523155159446	5.27470293152303	2.97382516003682	53.4701	0.233298724632721	4
1.0304670331331	20.9107198626464	5.2116259213435	2.9766784539964	53.5224666666667	0.249632982573819	4
1.06008799784006	21.0702452086686	5.27195568287648	2.97693450064953	53.51585	0.241478695063336	4
0.935740517524443	19.4327879882782	5.31569557969637	3.00198749992254	53.4855833333333	0.239687387622525	4
1.02687155461359	20.363808804932	5.24944275756119	2.9779625401225	53.5578666666667	0.246861140317528	4
0.972474870976248	20.0034669974145	5.27645119513314	2.97221201660479	53.5650333333333	0.232706912971302	4
1.07170211362786	20.7012942528882	5.25610281270169	2.98865350172207	53.5884	0.236873648647816	4
1.02092824437593	20.4864323563969	5.28790276634671	2.97498707991564	53.61075	0.249797316143594	4
1.07326869567027	20.7856815124896	5.2875131325044	2.97962633694958	53.6489333333333	0.236293903940724	4
1.20247595116724	22.419354534307	5.27584722749686	2.9763616048615	53.64855	0.226082812561224	4
1.02108350890806	20.8830262370968	5.25072719516908	2.9819029948533	53.6650333333333	0.227804106052686	4
0.9364300224852	19.8862271015095	5.27778245699274	2.97721064864546	53.6505833333333	0.221754046963371	4
1.00968501667188	20.7253837054403	5.25268848056911	2.98136800822872	53.6384333333333	0.234443399021241	4
1.07162397800259	21.0561212744115	5.31141530442566	2.9775080734065	53.6355166666667	0.240478794418494	4
1.1375626931355	21.6663315754063	5.2932495083703	2.9924442876429	53.6506833333333	0.233801631960397	4
1.04977693644019	20.9387225178279	5.22987726040052	2.97775239960678	53.6831333333333	0.240860003410566	4
1.04392528917288	20.9174263477695	5.27672386710283	2.98302414122875	53.69905	0.217013974790191	4
0.983833474803007	20.094345862919	5.25983241799691	2.98352939934403	53.6895166666667	0.238840666814288	4
0.968988960785254	20.2040416910169	5.26645135691312	2.98676596530144	53.6859333333333	0.235036518379062	4
0.978518488793584	19.9891006740086	5.28861845728151	2.98362385566905	53.7011833333333	0.218417070456196	4
1.00606189271551	20.5841371584583	5.28044668995792	2.98099946366633	53.73935	0.239949276066308	4
1.00923445267238	20.5537022859559	5.24105148612429	2.97549718673151	53.7680166666667	0.230465445894634	4
1.07168322687687	21.3260656919412	5.26394644066192	2.97425361485416	53.7780833333333	0.229634956565493	4
1.03236097908072	20.4573516534252	5.25632444526152	2.98771771354803	53.7669	0.235733237626843	4
1.04846323265434	20.8213494170438	5.29309447110541	2.97868875510819	53.7625	0.232468222723604	4
0.988474530182167	20.5666157893502	5.2833771066202	2.97485093698331	53.7749666666667	0.223524386616828	4
1.03674338476019	20.6378143916694	5.29114659708383	2.97508807456455	53.75725	0.214057621341164	4
1.03040395023136	20.654101553044	5.28888917626403	2.97309223940954	53.7774833333333	0.246122574648106	4
1.07420091783366	21.4889082437431	5.25181656851303	2.97838284383146	53.8101333333333	0.235180671022512	4
0.930832699619158	19.6801013734208	5.26682844377346	2.984219143158	53.8161333333333	0.224797797403609	4
1.06185547428478	21.1102360040704	5.2527315514036	2.98155057064562	53.8020333333333	0.260577908364626	4
1.04756114004903	20.9536508384861	5.26295128690267	2.98011318711397	53.8418333333333	0.240526834661104	4
1.02694236552438	20.671521390296	5.26795161907883	2.98128896179909	53.8306166666666	0.220208536886093	4
1.07272994670557	20.9381322707775	5.32434777612869	2.97781386649207	53.83755	0.254138519882633	4
1.06639830780679	21.0349800098546	5.26544720267479	2.97276080223576	53.8419333333333	0.225025788854783	4
1.09751852357195	21.4699126257564	5.2903854106544	2.97978663233887	53.8571833333334	0.224945755545316	4
1.07532660530267	21.3702576402332	5.27916870854632	2.97200653853684	53.8332833333334	0.235664231961468	4
1.07385342581057	21.3159237790282	5.28763002495115	2.97687594187775	53.84735	0.224387665829187	4
1.1306285817512	21.9501453876231	5.25970629982039	2.97743511102361	53.89085	0.235075741490456	4
1.22801309155262	23.1686318788323	5.28198665390325	2.97190591827508	53.9087333333333	0.226644114863501	4
1.16174034399134	22.3256154994892	5.28199394130272	2.97188270971271	53.8606	0.22634930258267	4
1.15617565464126	22.3513648486574	5.27141585253738	2.97199633706618	53.8512333333333	0.254477954602223	4
1.16744314443192	22.279001701158	5.28062420756082	2.97221694856091	53.87505	0.22026643535131	4
1.13549014523827	21.9730188874871	5.27827098749744	2.9718849974824	53.8689	0.233914709938096	4
1.20029056652598	22.7631593277731	5.2829868851999	2.97228709954336	53.86575	0.246784378883707	4
1.05730585591464	21.1296573155826	5.29375549274681	2.97360491919613	53.8961	0.245953468108453	4
1.1636191170657	22.2073596023902	5.29506788228945	2.97481824268363	53.92645	0.228915232997512	4
1.13522588831189	21.9796566913469	5.26752614582494	2.96909430835124	53.8832666666666	0.218154421024258	4
1.10300272073197	21.7180939262773	5.23329788074895	2.97895741967253	53.8925	0.230896080521086	4
1.16605971043935	22.322887991873	5.27075539679448	2.97054428923181	53.9334666666667	0.249242001157997	4
1.11047303506847	21.8703953731606	5.25602625868565	2.98734222465962	53.8988333333333	0.22179729382484	4
1.15052597721165	22.3233760149366	5.23351542292434	2.97593086619933	53.95975	0.254082438576971	4
1.00877869798893	20.3056797690706	5.27577033129208	2.97080295712851	53.9445666666667	0.230684344216651	4
1.03739016220744	21.2537533993648	5.2640084366161	2.98360807117146	53.90225	0.242594215491281	4
1.12051099181229	21.7187497407173	5.27248333286989	2.97729193089826	53.9651166666667	0.246947197517165	4
0.891760928541399	19.4086592792132	5.23680439876576	2.97238180911064	53.9543333333333	0.23070912544798	4
1.06002927425268	21.2667464426786	5.25898394060763	2.96889340286286	53.9493166666667	0.238224754414437	4
1.06538086011109	21.401734473237	5.26811866042659	2.98301946065167	53.9915166666667	0.227164354125621	4
1.0388302590951	21.3181963807816	5.27361195624886	2.97207751236343	53.9806	0.250776975668468	4
1.0892902338763	21.7291668067368	5.25235295274982	2.96937610256164	54.0071833333333	0.23767992233301	4
1.06573768029013	21.5253484988055	5.22319890914413	2.97823969379949	54.03145	0.231519843934798	4
0.884130623186905	19.7341507121683	5.277807773151	2.97445344457149	54.0251	0.239036249998948	4
0.966332191477904	19.9624862745826	5.28132065809848	2.97426196711676	54.04555	0.237338807029179	4
0.98548645386963	20.4108449930133	5.24545752132835	2.97948674899463	54.0456833333333	0.248223006053958	4
1.13688490996519	21.8808445361575	5.30897417867908	2.97742566000653	54.0450333333333	0.23229773171125	4
1.0094630968985	20.5761620035464	5.28707043943129	2.97742847984378	54.03345	0.232202747834074	4
1.20936694893877	22.9263368093325	5.21914283256016	2.98031429872314	54.0407666666667	0.229319432800377	4
1.04663106893616	21.4484728626017	5.31543803455427	2.97552670002235	54.0537166666667	0.235395886638504	4
1.04677662104842	21.1890678269655	5.30239088629911	2.97401408942642	54.0761166666667	0.233973494925566	4
1.04243511893536	20.8537535196097	5.26850902570734	2.98647188273631	54.073	0.230917991165842	4
1.01967792321242	20.9454471881384	5.25151914121882	2.97513808478331	54.1043166666667	0.244944372215868	4
0.99021149659835	20.5749327265507	5.2975498081521	2.97429893420703	54.11395	0.23415230629309	4
1.1317796201817	22.2934400671228	5.28456926732216	2.97274751694254	54.1047166666667	0.255913325612381	4
1.26937532389888	23.4717828116063	5.26362666414491	2.9858485349917	54.0940333333333	0.219154149499701	4
1.2289723559018	23.1332188210051	5.2540416554228	2.97709820890068	54.10155	0.221079663914639	4
1.17077352384426	22.5783820354754	5.29397167413221	2.97563117326886	54.1291333333333	0.219963284044596	4
1.09817249140913	21.6706856424931	5.25400524117882	2.97005475796425	54.1081333333333	0.215211875630573	4
1.09286594532188	21.7891590346085	5.27543844361719	2.97108008735426	54.12885	0.226123397015802	4
1.10720467498494	21.5341244300074	5.26989925933975	2.97579849714341	54.1570833333333	0.232400537622023	4
1.1141882994201	22.1554128142736	5.30587898445504	2.97478268897213	54.1707833333334	0.226086386044809	4
1.30303070772457	24.20101767463	5.23613345886921	2.97773381524378	54.1904166666667	0.22912799262781	4
1.23329335368031	23.1499397808363	5.29191402581598	2.96891368840783	54.1960833333333	0.259121088876543	4
1.1798824801003	22.2021475770722	5.27755652431253	2.9802254095426	54.18025	0.219824014742765	4
1.04585771588613	20.813580422421	5.26937268795984	2.9780126612588	54.1708166666667	0.221308626565009	4
1.17443380891019	22.2710341244178	5.30571528781693	2.97195764653896	54.1547	0.238448324359453	4
1.31649521914563	24.1677735696193	5.26346218026666	2.97100502618379	54.1861333333333	0.247008986775831	4
1.0969168107071	21.6127030862168	5.30885710302777	2.97162220659358	54.1902666666667	0.241596656915547	4
1.13002555135188	21.8492531570977	5.29742299730572	2.9669956617357	54.2327666666667	0.229491506187983	4
1.26357046931199	23.6989053629115	5.2846500371148	2.96540589899571	54.23505	0.229905170207491	4
1.25113682477485	23.6763055677619	5.28658467259283	2.96567547215905	54.2373	0.2380372638539	4
1.1763174833773	22.32773498843	5.27670092931281	2.98104753858596	54.2421166666667	0.230386859005152	4
0.944188609551326	19.8712724517562	5.32782988982544	2.97180013104774	54.2537166666667	0.221237819097165	4
1.20348694334096	22.874657290231	5.30412291499636	2.96994138727719	54.2368166666667	0.228600272229227	4
1.07954747323844	21.5427153690973	5.28085314053648	2.9843319238399	54.2607333333334	0.232794363804644	4
1.16735830513609	22.6669611241367	5.31526638216493	2.97137107232629	54.2591	0.245983029592404	4
1.19778190154167	23.0433843233162	5.28671360717245	2.97411034942352	54.2940333333333	0.257259808441871	4
1.00973667077634	20.8641574135638	5.27216228595654	2.97503627931846	54.30015	0.225008988521024	4
1.06054350780879	21.2165726699669	5.3016550349493	2.96700676696046	54.2995666666667	0.248796586075729	4
1.09960093630038	21.7126055650469	5.30837396150952	2.97247450592002	54.3189833333333	0.222399052831987	4
0.955639176068036	20.1946776833931	5.30413795811172	2.97011093560721	54.3244	0.228789756200694	4
1.61235761842234	27.2334939433595	5.56102237245837	2.85488560668245	54.2676	0.19607921263387	4
3.19806176914769	30.6224410596167	3.87273353539554	3.28726553797898	54.1425666666667	0.180773701277167	4
2.94287170736706	42.6181524766509	4.82414402185582	2.98517444359958	54.1962833333333	0.272568268025578	4
1.32522472402288	17.6013977427089	5.12695668466371	2.93478767289285	54.1615333333333	0.230962134006059	4
2.44625179247402	18.5608835316381	3.09842373229833	3.71881679717472	54.12495	0.189660215800856	4
2.51681082781441	20.0977043043977	3.10863033149933	3.69029930957148	54.1567666666667	0.211897430149483	4
1.19460547074902	20.9802097570076	5.34100284786467	2.87742629957973	54.2721166666667	0.256583557055811	4
1.15504263358924	20.6804817350465	5.38110056659316	2.86600342028322	54.23395	0.225746252103957	4
1.2234908004612	21.8826703424464	5.34484844489251	2.86990684594399	54.2127333333333	0.234833866026109	4
1.11897708304516	20.7806508019957	5.33783867859243	2.87509018884403	54.18615	0.231432299651613	4
1.36270150090133	23.1812632262936	5.37185672916412	2.86248239074515	54.1918333333333	0.216172731207047	4
1.29112140898284	22.2648546139406	5.85977445201483	2.8976594046528	54.19195	0.200852794143508	4
1.32325250063921	22.9041221867456	5.91024978948304	2.89972677209791	54.1731166666667	0.227790499323218	4
1.32791124876038	23.0174301783687	5.86314220343842	2.89602816431454	54.2070666666667	0.233690789957016	4
1.32361746983136	22.9709478432259	5.43162078160861	2.87560462761002	54.1871	0.203014544022703	4
1.36629636382736	23.465680415522	5.88097996077903	2.89816280223253	54.1797166666667	0.227605151089029	4
1.21667865366148	22.1083538037326	5.61320121074285	2.88668098087396	54.1962	0.220717535570862	4
1.2052805575366	21.8212589049155	5.87570382676924	2.89782157504155	54.2080666666667	0.205874971657077	4
1.32104615547335	23.007702134169	5.8777929812073	2.90084303127281	54.21285	0.201068402645401	4
1.3988897493238	23.5432015430034	5.86577676096913	2.89829145248739	54.1926	0.226595301161508	4
1.33514068776101	22.8619296636207	5.6671478492771	2.89029705881637	54.1964666666667	0.229630614703353	4
1.3806514044503	23.5897132309006	5.9169433478586	2.88686971856204	54.18405	0.218857001917087	4
1.24726271490585	22.2321796706698	5.90181268829345	2.88285204377288	54.1816	0.213133061008647	4
1.36614383161731	23.6426325587921	5.86108849889839	2.883371603487	54.2157166666667	0.229866806803541	4
1.27760414192157	22.6010215171378	5.92535271285567	2.88713592782731	54.2165833333333	0.214946843382791	4
1.19220765656185	21.5697771984871	5.80435488198117	2.88062093177193	54.2052666666667	0.234907400917148	4
1.30763646525119	22.8716238404835	5.89132018607361	2.88377803587977	54.1972666666667	0.204109215253532	4
1.28726811374466	22.4971775093636	5.57859578975842	2.87083417377006	54.2306166666667	0.223838856358362	4
1.16569618995704	21.1385740460916	5.98696265977961	2.89129362081571	54.2678166666667	0.216754761968816	4
1.23972006626475	22.1721557441379	5.89220863802275	2.88689509771847	54.2422166666667	0.197115133839846	4
1.27887594573105	22.3401760837593	5.79733461618325	2.88473683045042	54.2448	0.221809874304511	4
1.29422846878461	22.9674133693138	5.59652509526554	2.83052364115472	54.2562	0.236287013063293	4
1.25688733414361	22.4590650527349	5.56370487776032	2.84306923607837	54.27685	0.233503081313825	4
1.31367522217526	22.9529008418561	5.57855925771761	2.84917309779704	54.29855	0.20190326807909	4
1.40638498711312	23.856887404685	5.59827320454405	2.84073224564982	54.30125	0.220773495783977	4
1.27227878268252	22.675442107925	5.63590550480317	2.82971814559827	54.3093666666667	0.21072811358029	4
1.33691380518396	23.2182901734103	5.59911021962975	2.84914566159001	54.30425	0.224350333260056	4
3.10108883718902	28.6697322958338	3.74059308661125	3.26806947279592	54.2678333333333	0.205393311549764	4
1.28459259373749	20.6615871413745	5.220475104911	2.88557792114625	54.3793166666667	0.28269139259328	4
1.28378646566212	21.8854200789565	5.59933166135229	2.82932636417468	54.3925666666666	0.24728254385859	4
1.25721947702044	21.9405599038423	5.58437606114351	2.82650573797553	54.41535	0.227207425949901	4
1.29174260402828	22.6081056627298	5.4588627274336	2.86792872445774	54.4033833333333	0.213167403911563	4
1.15505286246701	21.0345446142897	5.28251952497933	2.912763956596	54.39925	0.217923530749292	4
1.10494242211861	20.3242411082417	5.29728907224152	2.90091992964057	54.4254166666667	0.237303873822307	4
1.09496104987933	20.5490639338472	5.29392518857163	2.89829270080379	54.4362666666666	0.210310897117405	4
1.05108518920978	19.74152695302	5.32601814738841	2.8985475197999	54.4273166666667	0.218876289775728	4
1.09895530456791	20.4531914719813	5.31721543954356	2.90060650207271	54.43675	0.21829397260249	4
1.20334421809447	21.4868295040764	5.25248562377554	2.90870924485685	54.4292	0.220148547691888	4
1.09119523009846	20.5398627635784	5.3032651893207	2.90273796139262	54.43025	0.214407945163309	4
1.17081493400213	21.212774862049	5.26543950796559	2.90265596738525	54.4507666666667	0.222665924928566	4
1.19407848247492	21.381367308717	5.25127390169549	2.91520381488746	54.4256833333333	0.214790831769956	4
1.2081460152706	21.5512601410751	5.39667836157344	2.93588361839634	54.4188	0.255220263793546	4
1.08438358199563	20.4835750510741	5.71589063282915	2.9354235052644	54.4296333333333	0.217118570017232	4
1.26119291002214	22.4330244502726	5.64035331670241	2.93245007662115	54.4350666666667	0.202957528049813	4
1.09204567134267	20.4980759620115	5.40433207404606	2.91589260213953	54.4160333333333	0.200398075590973	4
1.10016118387136	20.7486024114603	5.31376159845844	2.90986202136326	54.42445	0.227171287947656	4
1.20367381997103	21.5203570234735	5.76418844042454	2.93998321853448	54.4175333333333	0.220037474979787	4
1.21999833076458	22.0044413148932	5.7701200589524	2.93926797647036	54.4013	0.227212683162342	4
1.16572690683235	21.3481814140247	5.5142257299961	2.92577050216872	54.42025	0.219497857215132	4
1.16356701887816	21.3230073648743	5.48296822586866	2.92484793030778	54.42565	0.202784583457755	4
1.22065767049137	22.0360191078192	5.59896419968911	2.93092495509307	54.4239333333333	0.220716465611631	4
1.16936652238527	21.3588754888924	5.78937836763185	2.93956416158882	54.3971833333333	0.206784706813032	4
1.18568975174832	21.6212465571498	5.82316511285853	2.92765108753549	54.3817833333333	0.203759503608383	4
1.07652518478465	20.2869204333693	5.80398001807401	2.92466394052329	54.41795	0.215519980197677	4
1.07088646115554	20.4560255742106	5.84556909387499	2.92685509128409	54.4283666666667	0.229369509201665	4
0.996472152840112	19.6150759367864	5.81420739450453	2.9244901225404	54.3768	0.189076058590725	4
1.13404818144	21.230740717403	5.7945674142283	2.91995589022597	54.3739833333333	0.207784560173098	4
1.1471393615313	21.2827946494741	5.8120885974321	2.92438538720329	54.40425	0.222921178210855	4
1.07747024218082	20.565441126327	5.78527635762364	2.9200761191391	54.4299833333333	0.228307293042726	4
1.00192026957407	19.9296501837495	5.71527496877603	2.9170321984339	54.42205	0.216878660522032	4
1.00101376159124	19.8425058287862	5.8509557570817	2.92488159926452	54.4082	0.226805060775152	4
1.13624199408903	21.0725294044317	5.84316712700713	2.92487973572327	54.4168	0.232879091346649	4
1.11728996910582	20.8384333206916	5.59790577696029	2.89845319368106	54.4045833333333	0.221625450694365	4
1.01952153109775	20.1017605088138	5.47427916402624	2.87551503809878	54.4189	0.207805621365705	4
1.13104860383195	21.1978546547904	5.53934705295721	2.8729655871876	54.40745	0.218844378187805	4
1.14201253653222	21.0899179352631	5.51654996136499	2.87324707737924	54.4089	0.23080938646718	4
1.09227523805713	20.9004691255053	5.45693944427592	2.87292938833936	54.4419166666667	0.20010702997728	4
1.1527512097275	21.5512785098828	5.4615935182524	2.87338760883113	54.4146833333333	0.21686498898238	4
1.07941226810007	20.6407369021985	5.52197066195544	2.88744733677449	54.41945	0.215027899254091	4
1.10977701078894	21.1171819492235	5.51111216376919	2.87652138541621	54.42365	0.206626972905774	4
1.0658848984504	20.3828765755394	5.54542184812088	2.87476404582257	54.4016	0.221421539839928	4
1.07060695193269	20.6392380483513	5.61185800576897	2.90335308554447	54.3768333333333	0.204758739112493	4
0.859331079204552	18.5445971419202	5.30210483297841	2.98021189920677	54.4141833333333	0.22290968693862	4
0.834476090024616	18.1996624360961	5.06778166482785	3.01795772398703	54.4436833333333	0.237757923581926	4
0.854891813269783	18.4278484651292	5.11128748388904	3.00199837337066	54.52635	0.228518205705767	4
0.916444356456166	19.0476438861564	5.04256545425673	3.01295879983111	54.5324166666667	0.227554820488786	4
0.771007733080568	17.6909095748616	5.04699985643223	3.01118115869527	54.6226166666667	0.257865626002083	4
0.736996733675406	17.1981453069872	5.10984564845159	3.00663682763416	54.65535	0.228550393137683	4
0.831431724617663	17.8025043293722	5.08248840827704	3.01312717212775	54.6666666666667	0.243408261817269	4
0.813261544956773	18.008780558638	5.06582552887334	3.01479066159011	54.71575	0.245399268229263	4
0.743351779796246	17.5627876718093	5.07915486652343	3.01119239383606	54.75635	0.23415609924484	4
0.88131024268871	18.5480290869198	5.09910190616698	3.00029358713277	54.7513666666667	0.221643932396899	4
0.811715220807061	18.1795778585286	5.10181472140395	3.01110171485885	54.8139	0.236591308922426	4
0.918338545169764	19.1805394244171	5.555774948909	3.02511887435546	54.8012833333333	0.246650654733017	4
0.840972018864688	18.3852865909729	5.23866995610227	3.00846462388804	54.8431	0.23251788340189	4
0.87452808951868	18.5628464995999	5.54548609496542	3.02626147600914	54.8518666666667	0.237216375993624	4
0.949701608945391	19.2038038602979	5.55142516879544	3.02484194837957	54.8610166666667	0.246590616043888	4
0.942424316773102	19.1366611403365	5.43551288716855	3.01730346128676	54.86685	0.234216532077275	4
0.871105935474085	18.7798930879521	5.3541439995528	3.01206894409363	54.8934	0.265623487832186	4
0.791459957896937	17.7743509430703	5.57199107610618	3.02748054575498	54.9227166666667	0.22522050149528	4
0.811025174397073	18.0527488358065	5.11129861925427	2.98244461952128	54.9494166666666	0.220533581874651	4
0.900755345371828	18.6723724752973	5.4919970680946	3.0186634033794	54.9451333333333	0.244949975291854	4
0.830449963072719	18.3146770135089	5.252880431114	3.0057565555793	55.0180333333333	0.262988171846327	4
0.793665252931815	18.2239379191717	5.57841437162205	3.00884630883348	55.0182833333333	0.237575257776024	4
0.914289288635703	19.2914429718233	5.59393173419488	3.00875565022489	55.0402166666667	0.247176056905486	4
0.899293896240383	19.0204883956515	5.44304181812374	3.00156587788198	55.05335	0.228970860776532	4
0.809306605031553	18.1855084683998	5.42144585022128	3.0033611705663	55.0394	0.230991613319031	4
0.826418215424238	18.4704040472918	5.54635552056387	3.00769466175555	55.0610833333333	0.238619141379664	4
0.893649592169972	18.8762820713547	5.45327503160689	3.00407681568117	55.05295	0.239649350128368	4
0.881280006997226	18.8077679776479	5.40836250887002	3.00122363181155	55.0573333333333	0.237522642393767	4
0.833281817718439	18.4403113952642	5.58825374416297	3.0132648257469	54.98695	0.210927606265149	4
0.809572123253491	18.1452022121427	5.62000528174641	3.01366644763925	54.96885	0.230640142697946	4
0.885988483660255	18.9612756265776	5.55838698731211	3.01131976618204	54.95055	0.254659987673826	4
0.829846963682523	18.4597255792492	5.32630971737851	2.98399081716506	54.9047666666667	0.206026933130456	4
0.829388022651528	18.6390173238213	5.32612243364281	2.98522457879475	54.87865	0.210194891405289	4
0.889054023778325	18.9168427026374	5.31137194836458	2.97259040753908	54.8385833333333	0.197427978000017	4
0.853059022786453	18.8109493934083	5.32021109944476	2.97112299229892	54.8204666666667	0.218311662356604	4
1.00066352876135	20.2775501034787	5.32704704714101	2.96298403384807	54.77875	0.209609534085788	4
0.860388837388947	18.8047801244086	5.32383322097188	2.96578555420356	54.74435	0.198162989326925	4
0.753010933536213	18.1766532072476	5.28568817370972	2.9638289555736	54.7346833333333	0.206367246421229	4
0.909548679961945	19.3614295010242	5.32645583796638	2.98491616065383	54.7254333333333	0.218075509132997	4
0.854360958935333	18.7332689685263	5.27803401710198	2.96991364756826	54.6743666666666	0.195650671633742	4
0.882638147088945	18.8842277614197	5.31900727105595	2.98461302644943	54.645	0.213200311635222	4
0.53351136258062	16.6638278946904	5.03958317525533	2.99556747910054	54.4916	0.318170469179066	3
0.59120383850989	16.9015576322661	5.07256821473577	2.98600259711178	54.5391833333333	0.253227538309308	3
0.640793417046989	17.3125729301875	5.05624157713943	3.00095924040294	54.5210166666667	0.23651054311732	3
0.696592658302025	17.7640631501734	5.04823209524126	2.99766444246822	54.4496666666667	0.241735228926102	3
0.690342372973015	17.9654188872127	5.03860740976611	2.99813068910974	54.4435833333333	0.23151610052491	3
0.651301979352585	17.4950956355829	5.08027261388055	2.99250572328532	54.4367666666667	0.225744821189293	3
0.680655047016357	17.6454901364989	5.09247223172911	2.99541421027333	54.4135833333333	0.216527392220756	3
0.627444845541296	16.9374469627708	5.10695668623172	2.99240525642798	54.4218333333333	0.244815057603446	3
0.66334149506769	17.3837589394575	5.02681864402657	3.0007871567029	54.3903	0.233628366341337	3
0.672113390483032	17.4930901645174	5.03810169566294	3.00276061170696	54.3680166666667	0.238219489423605	3
2.99382735386401	23.1440612814361	4.31990402132242	3.59336145378086	54.2560333333333	0.191758849853599	3
0.936174363918929	19.5372525561966	5.16532441813677	2.92475842756085	54.30115	0.247325410086744	3
2.94976823121414	22.2463854307162	4.3683608237548	3.57456101448477	54.1396	0.195650951736132	3
2.87610005784656	21.7065786509015	4.36282084623403	3.57246343208411	54.19385	0.21170973292919	3
2.9114631790515	22.1648735098718	4.37002869326815	3.57434381701668	54.24605	0.202869284540981	3
2.91149038552473	22.2608435392504	4.33790899680485	3.56870728208063	54.2716333333333	0.193509599172112	3
2.93847893770304	22.254264462299	4.36670139028449	3.5644922925987	54.3206666666667	0.213999498388979	3
0.940846202147579	19.268944773623	5.17776674165906	2.92322645584668	54.50085	0.280663005900949	3
2.98346152557586	22.9844470624086	4.34804782221261	3.56309576377414	54.3726666666667	0.215789340672848	3
2.91041507615357	21.9834300429455	4.38614657032494	3.57149076442419	54.4588	0.223439886884253	3
2.86611230340734	21.5359184935305	4.40883903339803	3.57380629427209	54.5706333333333	0.199856895130174	3
2.93855376617962	22.4038282007628	4.42614781841789	3.59605554365081	54.6750833333333	0.202281922051133	3
2.97453669139685	22.8151425925956	4.22080059542505	3.5690561135887	54.7558166666667	0.209972596409479	3
2.87278354492849	21.7817777770641	4.34902439182667	3.59533662852097	54.84045	0.226185796209178	3
2.9168312832065	22.2566276948119	4.59762835297776	3.60486332336381	54.9476	0.215733765616601	3
2.94331450729285	22.3323898610414	4.48131267851353	3.6035197896658	55.0764	0.242231658276094	3
2.95510507622436	22.4325249109538	4.47142270522126	3.5964376076854	55.1743166666667	0.218976702705296	3
2.97378948851072	22.8102981376355	4.14428249536652	3.55080616465644	55.2468666666667	0.212699475003269	3
3.03605296944054	23.6142847427748	4.60959312309915	3.6045589115603	55.3071833333333	0.242419617407409	3
3.00687255540423	22.6861049458783	4.31246744462083	3.588937855301	55.4037333333333	0.227231373659407	3
3.05419235765177	23.7314137514208	4.65299034791885	3.59940047457939	55.5417666666667	0.236736166289349	3
2.9772426040121	22.6984067838935	4.65809266063696	3.60444858352949	55.6226	0.222598308123986	3
2.34474030605131	19.1611918989638	3.15588226048534	3.70752721467217	55.76345	0.248836099144172	3
3.01078701291743	22.9743746724324	4.74017068616137	3.60197464863898	55.7850333333333	0.222921280220488	3
3.09285862722429	24.0438739786981	4.3445026186709	3.59017573662097	55.8522666666667	0.213236390402977	3
2.97315680878091	22.38038468062	4.84111603863001	3.61486175399416	55.8891	0.204828634452133	3
3.00902044679142	22.797021244909	4.77848056191369	3.6168053008843	55.9341666666667	0.212333617149408	3
4.18281527979193	39.6758051398453	10.6604212064444	2.81739168682134	55.9921833333333	0.217485514161418	3
2.74166398101859	19.9111687058109	4.09143352322805	3.55164910496592	56.01785	0.260373904873324	3
2.94256073318783	21.9281374946797	4.66321418018545	3.60158834877498	56.0972666666667	0.217208161243389	3
2.95723676734416	22.2077313543064	4.62604095811901	3.59986787728822	56.2059333333333	0.21715899561964	3
2.93089625735583	21.8920921734966	4.39737650199607	3.56211985299143	56.2798333333333	0.208251654044882	3
2.9090223487849	21.7808222839891	4.37052369648393	3.5615570458038	56.3297333333333	0.216283388069455	3
2.95772242027032	22.3796422455039	4.47852660753506	3.57414183763869	56.4040166666666	0.206995086461512	3
2.94507303609418	21.9721835743184	4.44387651792408	3.57022029173033	56.4526166666666	0.19874138648144	3
2.9264793622243	21.8134261345551	4.36124200156046	3.57368377980342	56.4836166666667	0.195759718824186	3
2.98169152581014	22.446438508886	4.38987900484858	3.56334315794279	56.4944833333333	0.204722920782665	3
2.35577898373777	18.877527127181	3.15501840917092	3.66427783345142	56.5666	0.21529232787231	3
3.01922739785017	22.8750158328905	4.40633417609553	3.55933364183692	56.58185	0.213208247447563	3
2.94470128319384	21.7125639734463	4.41340113313336	3.56168374020168	56.6256666666667	0.186282332346986	3
1.0471795272391	20.1831584454663	5.28753652601366	2.87431256758159	56.7413666666667	0.249930293106757	3
2.99913481727638	22.2167454564572	4.30582153949352	3.6193902884368	56.5905333333333	0.185062469220868	3
2.89074410220828	21.3759191321141	4.36801444490655	3.60482959939718	56.6720666666667	0.208386120318132	3
2.87542857494007	21.1863829509039	4.34731811216468	3.61255926976775	56.6915	0.199916126480879	3
0.82001717534522	17.614477295418	5.01420155338847	2.94840118216523	56.7811833333333	0.262525123360565	3
4.13987525534619	37.9279425087642	9.80075463341361	2.75038182087473	56.6414166666667	0.207708424354966	3
0.865404629736657	17.8476876883616	5.02550017689278	2.96151476550185	56.7625333333333	0.302778963214045	3
3.00661961341542	22.3164418056501	4.37653740355191	3.61169909222472	56.5825	0.203142306303167	3
2.96260307125786	21.9113969405036	4.35479614637488	3.61377007772924	56.6824333333333	0.204942105646123	3
2.96336738693715	21.9486961899292	4.33727878555097	3.60352794526203	56.72675	0.209542813472488	3
0.915083034635131	18.6248470497858	5.10080177124398	2.93634384774403	56.8543333333333	0.274039936880831	3
2.98014777562728	22.0027753262851	4.38214069434791	3.60393652217402	56.6691833333333	0.186540993056206	3
4.1729377964248	38.7838971790275	8.93353771609734	2.78768601670695	56.7244166666666	0.198931322078637	3
1.31679300702764	22.5854890720738	4.95715514683923	2.91218026631303	56.7796333333333	0.288315914695438	3
0.996742011768024	18.5290871694341	5.22837015479356	2.95291262002446	56.68	0.222697332033671	3
3.06141670368536	22.803455985485	4.56666101583078	3.64505338272208	56.5625333333333	0.206728714942848	3
2.87213591548192	21.2190150083327	4.4509528428613	3.64443297631061	56.68455	0.194884270308199	3
2.84717970360869	20.991977214948	4.41718437843245	3.64763486543218	56.6846666666667	0.203666449369723	3
2.83436409853359	20.8312416135662	4.30797045787146	3.63652812642642	56.6908	0.208685701555949	3
2.86688271239154	21.4218685151366	4.36864802227227	3.64203962727388	56.7031833333333	0.187452908587339	3
0.868048685983284	18.1043173554488	5.15334782070207	2.95296481882038	56.8033166666667	0.258173144612041	3
3.02769704079727	22.5564317785169	4.42493964335876	3.64316774775208	56.6548333333333	0.207922016563305	3
2.95834684375922	22.2212122025315	4.33029330642512	3.63879290186916	56.7231666666667	0.198190985331489	3
2.97129243893898	22.3693292333467	4.17170093598016	3.62644510137375	56.7435166666667	0.206078189181915	3
2.88496109809297	21.2321119873104	4.60115323591785	3.66402861451853	56.77855	0.197599614440713	3
2.86779281935724	21.1947686784205	4.30743837716638	3.64233855379085	56.7809833333333	0.198451760920455	3
2.99908590288687	22.6698417931284	4.19039223167608	3.63040065139924	56.82525	0.202473737572999	3
2.86863750774143	21.1334493215732	4.14772217188301	3.62726512397071	56.8720333333333	0.201266074558932	3
2.91595583162181	21.7397384258643	4.58911156869985	3.65437187124622	56.88285	0.202504306294451	3
3.0023041063515	22.6478533653513	4.52185190805514	3.65557199130701	56.92115	0.20325919204932	3
0.89318812339885	18.5484278717122	5.56267146906813	2.95589475280131	57.0274666666667	0.261058956044556	3
3.06613632152437	22.7217629811096	4.66520296210692	3.65202051518593	56.85885	0.192123267721534	3
2.92313602063309	21.5725636099211	4.22311542258014	3.6202816617796	56.9404833333333	0.197821481898617	3
3.00977495114512	22.6974382748455	4.32119800240216	3.61197546478336	56.9726166666667	0.193763624270386	3
0.912461757511465	18.8827857232649	5.25765612203085	2.92513694473879	57.0687666666667	0.258844260922334	3
3.01612439639658	22.4074846851687	4.39734035422201	3.62187785551423	56.8982166666667	0.203652669727174	3
2.3222669458075	18.5026909538488	3.05414412646061	3.72357205885749	56.9660166666667	0.217171453914827	3
0.911739765624265	18.5816399878899	5.31884426024665	2.90985720236066	57.00935	0.267318309910787	3
3.09813020606962	23.3368221711414	4.29943136585326	3.64099250443299	56.7887166666666	0.186538049162392	3
2.98555205962143	22.3488633395791	4.28795543638803	3.6171109313207	56.8746166666667	0.198977478639291	3
2.98718613321781	22.5641689984516	4.19111127003802	3.60407729676969	56.9110166666667	0.195792738189351	3
2.93051281602824	21.8308307572492	4.2424263399971	3.61343714925969	56.9263333333333	0.204025228305989	3
0.709558520768863	17.1911414853631	5.03235280529502	3.00603670908956	57.0693166666667	0.28118957304406	3
0.890404849662107	18.1492710194174	4.89517928467774	3.03406603894345	56.9734	0.234865211976168	3
0.917710611822082	18.3631846161843	4.88259228222545	3.04311961233131	56.94295	0.242197385883526	3
0.851555041658227	17.9453821424494	4.87429821055665	3.0442396882691	56.9314666666667	0.238691664568462	3
0.890510439990163	17.9226206689266	4.90812923645375	3.04137462319589	56.8792	0.227754015388146	3
0.854522113836782	17.6584064787285	4.87049113603821	3.04044223588804	56.8300666666667	0.234910575605003	3
0.912739170946354	18.4035991818628	4.9373820830043	3.02688257127517	56.8052666666667	0.230270501703544	3
0.88323490478255	18.004940638073	4.89955389185029	3.03779667721995	56.73035	0.231265188232331	3
0.831654220620189	17.5317072546375	4.95990057442307	3.03146919013676	56.6739333333333	0.212893294404168	3
0.855474088216478	17.8263448054163	4.93006951216086	3.03214298281161	56.6401166666667	0.217562466515155	3
0.882629627503284	18.1872700431649	4.92731854253121	3.03136150476176	56.5820333333333	0.248454952208315	3
0.821726595154131	17.7091697436984	5.05456883078266	3.0441491876083	56.555	0.207459042312665	3
0.850666942021462	18.0882330449812	4.85072932538117	3.01257334368561	56.5217	0.225022959280581	3
0.80676431306587	17.5240944168763	5.12319007737293	3.04761835313286	56.4525666666666	0.207189863526242	3
0.898242211785077	18.5335842994515	4.97358802292334	3.03446594377475	56.4421666666666	0.211503829886121	3
0.834235414175789	17.6358426254947	5.30335861895585	3.05789892212945	56.4253666666666	0.212077373685593	3
0.902244658439613	18.5082540036101	5.21671921831831	3.05179459862887	56.3711333333333	0.214707563567536	3
0.864930788627264	18.1558470452144	5.23838480254711	3.05631967076141	56.35585	0.224045759929468	3
0.841762322779035	17.5081119480183	4.94021356104937	3.03280892945318	56.2914166666666	0.218646630136521	3
0.784703535334776	17.290930808562	5.29742107749972	3.05955421515095	56.3004	0.211671571632301	3
0.812819003439524	17.5354091819138	4.88840814206742	3.0250006996228	56.25755	0.228065068398755	3
0.816905462249671	17.6725200186652	5.28699251529149	3.04234942510154	56.2556166666667	0.226341207230136	3
0.974944156075976	19.2685252166342	5.30366628231401	3.0420780818311	56.2187166666667	0.20401546066926	3
0.902286753819519	18.3931417521328	5.36428067475404	3.04671619084819	56.1790333333333	0.23435471931087	3
0.83893465907694	17.9401284285772	5.3372412968502	3.04505170417363	56.18555	0.230300866222971	3
0.853679592371379	18.0826875641646	5.29770246399276	3.03902492843482	56.1930166666666	0.235634555584088	3
0.889776349676556	18.3032320934419	5.30846645571377	3.03899560481367	56.1794333333333	0.234795285277836	3
0.935168449285969	18.8866286458566	5.21528196279457	3.03828341554666	56.1351333333333	0.204569367180671	3
0.897347498851861	18.3426335618779	5.18817506163373	3.03564154589231	56.1074333333333	0.246873491699605	3
0.939645267087748	18.8961543827786	5.26947772355341	3.03879281554758	56.1153666666667	0.227948177776029	3
0.850955375792946	17.9821214908558	5.32001489095025	3.0425238634597	56.1022666666667	0.229225362180249	3
0.920566951968384	18.6836240535844	5.09711971860066	2.99370649429971	56.0751	0.217557450039745	3
0.871611551362156	18.4453276432176	5.10065150370599	3.01084410235375	56.0872166666667	0.233248328543554	3
0.897216135491571	18.4923804432606	5.09793857360799	2.99705489872539	56.0482833333333	0.250657243970331	3
0.893028213657062	18.2570662931629	5.09187419305819	3.00292240180283	56.0595333333333	0.24312642081266	3
0.878875858793815	18.309229658704	5.1119371781008	2.99646865058752	56.0638666666667	0.213638889580626	3
0.813250298825721	17.513207164174	5.10839883687908	2.99542495396865	56.0487833333333	0.235654306686483	3
0.829265209481119	18.129248294435	5.08461767693391	2.99700470112853	56.0245666666667	0.220651452016151	3
4.11445399567164	36.9747340646163	8.67684333545678	2.87455237503022	55.9856166666667	0.215897817298193	3
0.806117907483223	17.9615735920814	4.92413194168092	2.99562445340166	56.1632	0.292150866528852	3
0.705291984072415	16.5943967355035	5.10660758256494	2.99488581555891	56.12465	0.265519690290952	3
0.550120875795338	16.2440993425688	4.9379970796712	2.96843990029977	56.0395333333333	0.32534021132861	2
0.653499442528582	17.4967748067515	5.01987519948425	2.9817008458706	56.08185	0.271865795967328	2
0.614603701184804	16.7070570505728	4.99356354564469	2.9751433621322	56.0738166666667	0.277575550360964	2
2.72770470381735	20.0982088744647	3.72523614394943	3.68132390646301	55.9972333333333	0.210031423530043	2
0.56822078362397	16.7689912661225	5.01010500383688	2.97044061474727	56.23085	0.299708492553138	2
0.570531691966249	16.7448808646301	4.9711694520611	2.98024187900982	56.162	0.267889301701471	2
0.597191247057737	16.7930300347113	4.97853810934803	2.98390217644528	56.1541833333333	0.257327232919992	2
0.730274231197742	18.0933537373768	4.99598334136431	2.97338527303904	56.1111	0.240126993237654	2
0.586301428254962	16.6820708718578	4.99867003430983	2.98443971794355	56.0860666666666	0.249568160362388	2
0.735956532509874	18.0635324576274	4.98806672241981	2.98434599855016	56.0792666666667	0.265939898056931	2
2.95108111542397	22.5880780467363	4.19643711955561	3.54651479734513	55.9820666666667	0.197920106006392	2
2.99563196770892	23.2810070944542	4.33121969187667	3.53848280872513	55.97015	0.201901286922637	2
2.97753310229359	22.9326294664693	4.35748560198693	3.53977115563341	55.9853	0.208466174145139	2
3.03977038812803	23.7117061555022	4.27322378535852	3.53634846310251	55.9745666666667	0.215823952635182	2
3.00775846490515	23.1488644487299	4.36714223627138	3.53693431483297	56.0058666666667	0.197604592915354	2
2.95318164469019	22.4817763393943	4.28494297696693	3.52911154989387	56.0341666666667	0.214628900597639	2
2.99642504863737	23.1043989112254	4.32757336905894	3.53213255464944	56.0866166666666	0.222906462990505	2
4.19020521149004	40.2041488704426	9.75848534491427	2.71227059327589	56.1681833333333	0.225579065898747	2
3.10460922069151	24.6191488354102	4.15702709478083	3.52909729550422	56.1767	0.267927848876129	2
3.02147485968166	23.0652765373359	4.25909576371608	3.5253529453693	56.2698333333333	0.222856202529007	2
3.14167391839693	24.6192858299343	4.32578963813947	3.52096770455103	56.3571666666666	0.240376764061264	2
3.0399576264909	23.3331809377358	4.40645351679863	3.5584594017763	56.4511333333333	0.221587222499722	2
3.16019591705764	24.5636026288823	4.10551679231218	3.53500108700088	56.5179166666667	0.208294307079147	2
3.14701914403239	24.4875952440681	4.18203639591986	3.54383863666129	56.5732333333333	0.214820095536539	2
3.11439234318363	24.1901881414705	4.35479950176386	3.55586243172846	56.6607	0.200479366198087	2
3.09732191362931	23.8402486760451	4.20406814137177	3.54879259603601	56.71115	0.22079193557184	2
3.10095872888245	23.7819843026647	4.51198712346861	3.56149789621893	56.7632333333333	0.218968178685479	2
3.09262068252736	23.7358442968868	4.01166205940493	3.52220805810422	56.8285666666667	0.209046938745513	2
3.02483613200116	22.9802119177433	4.20258143576001	3.54303260050072	56.8713	0.212105530178267	2
1.05683658994482	20.3633375219607	5.50330348956844	2.90855172365403	57.0516166666667	0.293481907834177	2
3.06471224205791	23.3482446968625	4.13221947126574	3.52702509506703	56.9209166666666	0.215768810022512	2
3.13077404161825	24.383861055915	4.34351701115896	3.55646062485102	56.9989666666667	0.212931035757356	2
3.02848675356969	23.0235880541188	4.37385269578606	3.56814034472978	57.0321166666667	0.201314248964543	2
4.18989862698122	39.7539488547821	10.011950546415	2.77703682448212	57.1082333333334	0.241775590492904	2
3.14862026589654	24.3917848796472	3.96394173229818	3.53270987761506	57.1032	0.26027695809513	2
3.05674613927038	23.3436049624436	4.52618416413457	3.56706734617423	57.1086333333334	0.233046875816183	2
3.06912655710814	23.3628803250678	4.14096564158655	3.54145453467321	57.2176833333333	0.214318193005418	2
3.13569136220464	24.1852582064078	4.59873464991709	3.57764224231718	57.2844666666666	0.203458609180633	2
3.1535215631127	24.4139794805453	4.2028440666977	3.54404074938323	57.3103333333333	0.201495061693843	2
3.10717367366431	23.7952788225907	4.05188790092675	3.52882870367733	57.3265	0.221348371791878	2
3.08634281501146	23.425084347961	4.59607436055464	3.56329066156016	57.3614833333333	0.204233124661597	2
3.0740200157307	23.3313604480172	4.24833927730667	3.52334625150138	57.3717666666667	0.201133682390818	2
3.19702347869053	24.6863538445272	4.32688742722151	3.52743498800938	57.3785833333333	0.216502890078699	2
3.12755729724516	23.8805581243526	4.35534446886978	3.53009765523298	57.4239166666667	0.197578501169266	2
3.07984063100306	23.3219654781479	4.26687170805142	3.52044812254108	57.46615	0.187096080184324	2
3.13981570613378	24.1833460110521	4.25750767122045	3.5228730392605	57.4742	0.188281055691228	2
3.14463225126638	24.3482662546501	4.26267893861259	3.51873520979168	57.5018333333333	0.204281225787	2
3.161825722194	24.4930108553119	4.2721714369406	3.51903250900595	57.5274166666667	0.18247240717032	2
3.16172072222667	24.35580552213	4.3258949591377	3.53929087267485	57.52095	0.198222048492277	2
3.21808287564737	24.9857859298077	4.28681198960791	3.52747773056155	57.5429666666667	0.199812197135946	2
3.10011183047344	23.5294392852451	4.29107194317859	3.53131220962198	57.5733	0.203677320405237	2
3.07158426098886	23.4042222830414	4.10546466833702	3.56960311134457	57.59155	0.193747907588483	2
3.076719850738	23.2752661806989	4.30121190791656	3.58250115715598	57.6018666666667	0.202386395558952	2
3.0673883458755	23.2536948742594	4.25760038810906	3.57855739375024	57.6279166666667	0.200646099749366	2
3.01358902095843	22.8110127722532	4.20199006555776	3.57260214768334	57.6154333333333	0.204359633702465	2
3.07143901116574	23.4146632567665	4.26841182093302	3.57511918212209	57.6274666666667	0.193822167897177	2
3.03150131008928	22.8120596170241	4.23406529393623	3.57992348487387	57.6337	0.202960904643134	2
3.02872799012407	22.9228649272522	4.19579369774378	3.58150607148688	57.6656833333333	0.190484884552391	2
3.08733816724212	23.5611922083473	4.21086051598693	3.575558373118	57.69125	0.20176270883879	2
3.08820864716327	23.7583043575519	4.24201798205433	3.58108544250938	57.7017166666667	0.183428745844973	2
3.03937093986018	22.9309792482411	4.26362173514485	3.58012814838586	57.7043333333333	0.190796161232984	2
1.00817745691639	19.847870916862	5.08725668161868	2.92635550132854	57.8397333333333	0.253093395146271	2
3.08640011579248	23.5098444494002	4.47548475556485	3.62362470389066	57.62545	0.185699723446578	2
1.01289823163516	19.8220383888472	5.46426446259575	2.95674129072126	57.7733	0.251803212106436	2
3.09170163621271	23.5580530827557	4.45274609104326	3.62851098657556	57.5832166666667	0.17957662937924	2
2.34793442203842	19.0277505823373	2.79423412547443	3.70459455474176	57.63635	0.200143408330889	2
1.07020118458382	20.3217931437132	5.36169297526803	2.94927599850332	57.6549	0.247241164089516	2
3.04389720510381	22.9340777410146	4.01173222466199	3.58277238590978	57.4988166666667	0.183436174801997	2
3.11889110518827	23.9906967603856	4.41088560281664	3.61983048825118	57.5041166666667	0.186886360074568	2
3.04914517327464	23.128925294696	3.985056777169	3.57272824816349	57.5090333333333	0.185878214792545	2
3.059919561502	23.2653014949692	4.55712715270097	3.62942246613494	57.5128833333333	0.192132642359093	2
3.03772234771701	23.0600935782321	4.21754718937677	3.61361822473276	57.50115	0.183963963401827	2
3.04857726013366	23.2001115145784	4.36801348833405	3.61358927296833	57.5135333333333	0.19588084121425	2
2.98904219446122	22.3224059975857	4.06279453431416	3.58837054132633	57.5607	0.195063075413647	2
3.07822440172936	23.4827987583399	4.03833313966137	3.58701791170579	57.5588833333333	0.17565751458272	2
3.08818331765333	23.7064750490401	4.2250674638174	3.60654971270987	57.55515	0.201186128931833	2
3.07682110485786	23.5148540767357	4.44651871668928	3.61606216173429	57.5916166666666	0.187832244995067	2
3.10966645148677	23.8053830759253	4.50562605553396	3.62268087053937	57.5841666666666	0.184490794099177	2
3.11493547702486	24.0551357044885	4.38780446821034	3.61447829799513	57.6284333333333	0.194220245996143	2
3.02184792923163	22.9250937429635	4.33198084162835	3.60382517763439	57.6284166666667	0.198877723413299	2
3.0753234980918	23.4159523291858	4.35393513369747	3.60243857705825	57.6545666666667	0.174976934718882	2
3.05054848210238	23.3424945678227	3.94829971252606	3.57119909005383	57.6486666666667	0.196169735106492	2
3.03776363378907	23.1247292958962	4.25262615774935	3.58508227714331	57.69485	0.192184041825026	2
3.09522633850915	24.0590812143618	4.17255719427677	3.56327670381286	57.7220166666667	0.181208606416881	2
3.08259206085757	23.6666197364687	4.15934301764952	3.57887549127913	57.6965666666666	0.194649739028735	2
3.09080315804402	23.7863772698461	4.27345684123586	3.56841102940631	57.7233	0.186848919301311	2
3.0440354553936	23.2681217438695	4.28388939856325	3.57713059186089	57.7448	0.198387807170447	2
3.04898377295865	23.3559025323562	4.26064363832577	3.58288644485065	57.7656833333333	0.192221490506211	2
3.01972607694801	22.7817468374647	4.22776871157857	3.57930692596002	57.7605	0.204386431935493	2
3.01647017932807	22.9164127002612	4.31432375272826	3.59643127132247	57.7620333333333	0.195005168698702	2
3.1905423019277	25.0884423022412	4.21448476840572	3.57463126998429	57.7889833333333	0.164880490018378	2
3.02550886573979	22.8898153964235	4.23638693176059	3.56733089514075	57.77245	0.196570462201648	2
0.787639852886561	18.449248082527	5.01953267760396	2.9845858891668	57.8992833333334	0.250044409050022	2
0.853534744032757	18.7656541420935	4.90949158405706	3.02168304344156	57.7933833333333	0.232842937655019	2
2.90987178588771	21.6314626472823	3.98315168447341	3.68690801410043	57.68345	0.210738284552834	2
0.737904551053527	17.5834925398053	4.852975404077	3.03031235045755	57.8211333333333	0.237975676485791	2
0.932686342006369	19.7407213834405	4.88199173844334	3.01716337211167	57.7399	0.229109898875435	2
0.727049515415815	17.1566096325477	4.87554126945594	3.01052809190389	57.6256666666667	0.211859776672571	2
0.846970637798877	18.495753171061	4.92566192641491	3.01722014997758	57.5678666666667	0.216482548454398	2
2.88770718853572	21.3283234041824	3.94123372492402	3.68120234068672	57.47405	0.18775646189426	2
0.95015300643122	19.8128793574643	4.88811789065534	3.02681329253167	57.6269166666667	0.236025012439731	2
0.834465171854551	18.2545314143077	4.89846173645968	3.02137157474079	57.4684	0.194357629476163	2
0.885309214710066	18.8742607497433	4.9217215463176	3.01385295232741	57.4037	0.231846771432619	2
0.889887851818134	19.2386096342322	4.89725332162726	3.01569143664324	57.32885	0.234726369724554	2
0.827599683601152	18.3580724382402	4.82232152307536	3.0091385817329	57.2811333333333	0.217716303249355	2
3.00553709659342	22.8133875302487	4.23718507872587	3.72898056200167	57.16335	0.201302018227272	2
0.797827890503962	18.4673311340024	5.21441852494052	3.03932657779094	57.33005	0.243119028182507	2
2.96891931125312	22.4462303129885	3.86070321558212	3.69829326752955	57.1774333333333	0.188826381260371	2
2.87083522974896	21.3839502973293	4.19178363127052	3.7422239892217	57.2085666666667	0.207637752247013	2
0.889165525182118	19.385647290201	4.82370692847294	3.00896492376045	57.3575166666667	0.258182269846859	2
0.893493701456995	19.3991209487509	4.95637407421544	3.02282175906895	57.2517666666667	0.229521932533961	2
2.86078212816307	20.9898449384859	3.87116413097252	3.71021866749881	57.1282333333333	0.19470615554124	2
0.883469805238299	19.3740273449461	5.01405306105099	3.02481551166153	57.3232166666667	0.281204919048681	2
0.920677137090756	19.4943376675613	5.31539699919517	3.02947101342091	57.2474333333333	0.233613135707607	2
0.798008841434734	18.0234160919028	4.87332694925389	2.99643403327906	57.1878166666667	0.242058368900565	2
0.982127007252612	20.5243598105086	5.32227952577016	3.02968872321148	57.1267333333334	0.230359252713527	2
2.97789478019976	22.3870218372086	3.90760223305787	3.71715821239252	57.0393333333333	0.205559564270984	2
2.86931613081091	21.2334282993885	3.98243366937123	3.73876962757501	57.10705	0.215483958662073	2
0.728376936199808	17.9633269608277	5.26749744074365	3.02826483653553	57.2680166666667	0.287029998530637	2
0.911240582575222	19.6938279379176	4.90532145213389	3.00259195919869	57.1460333333334	0.238476518167961	2
0.908956653501048	19.4690707882539	4.87438949857	2.99850217069596	57.1128333333333	0.248301563963393	2
2.84437654366113	20.9712924629556	3.98698648423326	3.72602650828349	57.01555	0.210557164426968	2
0.815764020894956	18.5546336546454	5.09910284852974	3.01699387384976	57.1894666666667	0.242334022644517	2
1.02348453435561	20.5498404568467	5.04660262738006	2.98401437136336	57.0514333333333	0.222796811487596	2
0.76711592385964	17.9142699601222	5.08441585988546	2.97943022953103	56.9904	0.227242437550139	2
3.93830097079615	34.7727942955449	8.51485741634342	2.84510520175999	56.9180333333333	0.216370520773711	2
0.503025997697932	15.899243203218	4.82004677531078	2.97530954402959	57.0465	0.295289028190164	2
0.668759756683727	16.9816311506603	5.00373518914645	2.99150381141522	56.9682	0.275266576495572	2
2.77642667291699	20.4346329168218	3.84422096333913	3.69346928148371	56.8958166666667	0.197459585366493	2
0.699455856217065	17.3055327827693	4.98277421898378	2.98522593050327	57.07845	0.280386200064198	2
2.81409871977006	20.7325105324633	3.8642822774589	3.68851295638894	56.9541666666667	0.196997734364212	2
0.723252565765524	17.8912329699895	5.03757616142263	2.97490156875319	57.1181166666667	0.24271334083484	2
0.714169519083151	17.4612177206215	5.08751600751358	2.98145854058814	57.01425	0.232194076115328	2
0.268890907294235	14.9330701170356	4.82541823301624	2.9538518920099	56.90135	0.315175970487728	1
0.413491075348545	16.2332809979234	4.87393245746734	2.94855771504541	56.85905	0.271644984230571	1
0.509048097351492	16.9417062365151	4.86187992142175	2.95882470135572	56.8182333333333	0.258471213796782	1
0.439086782345584	16.0569695918601	4.98874645304209	2.95506848936286	56.7658833333333	0.269497655199803	1
0.396462172011624	15.5438513921383	4.87644865539863	2.95179887477406	56.7008166666667	0.234810236521198	1
0.471580345319741	16.6444222233331	4.91768929726111	2.95061575518656	56.634	0.256329634174304	1
0.469501343847222	16.0201527021901	4.96242661352464	2.95148095872876	56.5898333333333	0.246378802100128	1
0.508814760614409	16.661408965243	4.93498100882723	2.95054531598115	56.5288166666667	0.267841623559026	1
0.44731752642028	16.0172538653081	4.91232592576491	2.96169243975121	56.47565	0.240779864648893	1
0.467848655473344	16.2241855497472	4.99476134410399	2.95439037010382	56.46285	0.247734468633561	1
2.90838218800337	22.5367390357582	4.13488659950591	3.51122516560544	56.3104833333333	0.190485062510287	1
2.8456801138349	21.9704894514091	4.38589421306695	3.52462338404743	56.2791	0.185959873564894	1
2.88989705782667	22.632056074988	4.22157699118444	3.50253400135864	56.2766166666666	0.197962510717856	1
2.83293700339758	21.8656095710968	4.18989335832845	3.49138266756517	56.2706	0.211722491859797	1
2.87613301605643	22.4516296987163	4.33433315666923	3.51300858741088	56.27085	0.209986426114981	1
2.86403244394627	22.2753843067955	4.25034780709609	3.49282550472309	56.30645	0.225217441071316	1
2.87149897700234	22.430424621869	4.29357125427885	3.50708950377799	56.3558166666666	0.193092275444043	1
3.91960672376431	37.6766207772919	9.15868565510917	2.66589771017645	56.4047666666666	0.24207803523088	1
2.72753858166267	20.6039068046578	4.23927838217078	3.52611197951924	56.4046833333333	0.26150344274019	1
2.9159777308165	22.9575477079464	4.14289299638874	3.48643456793968	56.4647833333333	0.218332128560095	1
2.92673500766791	22.9832602670107	4.1866506202656	3.49405925010858	56.5742666666667	0.211553805045853	1
2.8735829128203	22.3397514607193	3.89361181625593	3.48567938700957	56.6221	0.221605291193026	1
4.01462213140963	38.2615597181372	9.74764137893265	2.73525711998914	56.7101666666667	0.235518480808321	1
2.88774818632113	22.3230324870247	3.79666571660989	3.46741180992826	56.7117666666667	0.272238390464934	1
2.8420008364463	21.9125635273703	3.81740673332506	3.4869586009104	56.7787333333333	0.232672816521446	1
2.96080443772501	23.3268929371325	3.81299035057698	3.47680878567917	56.8779166666667	0.223004088407203	1
2.94611026360386	23.0929782125656	4.41809597306414	3.5292531975537	56.9715166666667	0.22890664899649	1
2.88780938562126	22.5342006276363	4.20888090084196	3.5120416681165	57.0143833333334	0.221016380378197	1
2.91695250921335	22.9039186580763	4.05505036150501	3.50456751324807	57.06335	0.232992385486984	1
2.9231780262728	22.7158335085937	4.43638482738521	3.52023657103572	57.0791	0.227936855662904	1
2.2319698461814	18.7998788691721	3.02507344276232	3.65090089642586	57.1501	0.238959446243819	1
0.705507921278341	17.8718069975417	5.45257376572168	2.87134895689308	57.2228	0.299332183254998	1
2.87963813319481	22.201297802629	4.39353218782131	3.53232034925181	57.0834166666667	0.205197324764227	1
2.90770034714443	22.7276163677535	4.3382374296435	3.53020250865548	57.1111	0.214453321537914	1
4.13502486392191	39.9209226087921	8.53581359067762	2.71150974579813	57.1611	0.200598654878299	1
3.71473086891874	34.9813670692281	3.66857887687405	3.51531338876095	57.1216333333334	0.256201719166665	1
2.23066475199826	18.5327137312986	3.03179146512228	3.64022122196765	57.15915	0.236090461332523	1
0.67461694373859	17.2484017844777	4.99131501143532	2.84580796599069	57.2498	0.276192686362256	1
2.87938162175909	22.4400442125404	4.20717203735883	3.51092314080736	57.0873333333334	0.204124975565749	1
2.77190487185296	21.4528989562728	4.08764608891973	3.51108716921202	57.1181	0.208353488742537	1
2.84393347157651	22.0719938345895	3.91347866580655	3.49800759101166	57.1311	0.209911014237712	1
2.87285068309463	22.3134732338075	4.05176346933529	3.47924485001648	57.1387166666667	0.19301120470388	1
2.82173454361329	21.7120303627652	4.00204171103119	3.48118804691804	57.12345	0.207607633917968	1
2.7699201964917	21.3044447009415	4.02601962422782	3.48172849054297	57.1779333333334	0.201882149433492	1
0.731174999958579	18.0766831039249	5.11963832420032	2.82910574236802	57.2721166666667	0.272153564057828	1
2.85511648720853	22.0798898678709	4.06084274990073	3.48765110573331	57.1248333333333	0.19928857933436	1
2.80145830890273	21.6415682279626	4.0149740891448	3.4888293403928	57.1638166666667	0.201466445174062	1
2.84267435586717	22.004783389873	4.04127988746612	3.48284842997426	57.1757666666667	0.218498835793095	1
2.85324275061309	22.2111597064114	4.07727734700832	3.49234233938471	57.1981833333333	0.194764568147416	1
2.90580228994447	22.5745142358508	4.07435090853841	3.48366853128739	57.2054333333333	0.210577765873385	1
2.93374443348402	22.80060220714	4.13029660918856	3.48910443234837	57.22435	0.21518512526565	1
2.8214483228847	21.5356951832993	3.97310918103882	3.53076506965135	57.2203	0.21973453166669	1
2.88869719171626	22.405738504769	4.07486111329329	3.5430094479886	57.2518666666667	0.207370581790404	1
2.93296774275143	22.957399518982	3.99646773325678	3.52635505142398	57.25665	0.218670003290307	1
2.82143232110354	21.6246926820603	4.08783564195556	3.53922442358347	57.2903166666666	0.221143598693106	1
2.82027209081516	21.5632254466139	4.12664317539627	3.54689169174723	57.3534166666667	0.209530086967559	1
2.8133361527507	21.4270149161763	3.97752372751013	3.53338724361664	57.3244833333333	0.204969902020914	1
0.64178470641969	16.9556107394957	4.9295107281081	2.89880373100437	57.4286333333333	0.268578490668403	1
2.88810974247641	22.1449752218819	4.05749091070269	3.53450660142273	57.2442166666667	0.196719975777897	1
2.85960344618516	22.0317765843254	3.99798318574958	3.53366177015332	57.3116166666667	0.196299588718554	1
2.93657632383169	22.7857265850657	4.12551047985686	3.54634272374315	57.3171	0.205835354641371	1
0.71125821913264	17.9737181156088	4.91793283313835	2.90290087647166	57.3895666666667	0.240612802867917	1
2.89300305994311	22.3176822428964	4.25390480179981	3.58694173841607	57.22805	0.203817750511894	1
2.85123259516428	21.8332223743985	4.16037738600199	3.5740851362457	57.2583666666667	0.208635515986788	1
0.642503714735248	17.4054229570243	4.86528929244316	2.90115409245705	57.35335	0.263808213914604	1
2.82054938851943	21.5551383208296	4.27090662440138	3.58893651104768	57.14145	0.188671755586076	1
2.84018662860523	21.6700328752946	3.91526593442882	3.55209348044505	57.14885	0.212839067476035	1
2.13481223699497	17.8300522445608	2.64915106775602	3.67084092114843	57.1629	0.233829120571238	1
2.78499781686012	21.2563219521872	4.08200148091761	3.57635496045357	57.1088666666667	0.23151713826569	1
2.78877264244372	21.2769772289244	3.88416965575493	3.55237653213805	57.13825	0.210701622511108	1
2.86500692360723	22.0193863304038	3.96139616914233	3.56874952412355	57.1377833333333	0.204617799287625	1
2.88658977588919	22.1442565829697	3.91355788683103	3.55146021418686	57.1552666666667	0.202934477750546	1
2.98711714187841	23.2693809772662	4.28594544113037	3.58996548506675	57.1418333333333	0.220682083370862	1
4.16461445500308	40.5931035851662	8.45855189017191	2.7589392332822	57.1734666666667	0.206555813171168	1
3.17654640620452	25.8404313716429	3.45047342417288	3.60525658102514	57.1256	0.265152607161887	1
0.863719830555287	19.0226769878379	5.25132929412569	2.91250110715072	57.29715	0.279768234891378	1
2.79770882339687	21.6495903472879	3.95711005417175	3.56319582736657	57.0936	0.22022324574418	1
2.8186963340343	21.5928664784097	3.93637475783802	3.56100372539485	57.16845	0.201442461398379	1
0.651645684477689	17.1180134530196	4.94100225051961	2.89134689578426	57.3042666666667	0.270790923580878	1
2.80270413198218	21.2948242200567	4.33081922867443	3.57822896142274	57.1245	0.20670698986976	1
2.81736317536506	21.5829726498252	3.79637311084936	3.54879074652219	57.1166	0.202729777565765	1
2.73265201974696	20.7759916558301	4.05116399466542	3.56747738485001	57.1589833333334	0.203540983393772	1
0.652646612315779	17.5153900073805	5.12783245573736	2.87295226873471	57.25735	0.259735708241268	1
2.8089491144639	21.3150520326407	4.01134623528489	3.53543039273435	57.0354333333333	0.192230473136441	1
2.80963360162526	21.2172685277078	4.04311130021229	3.54264822141236	57.0768333333333	0.206163269728899	1
2.7890563394727	21.1783098376386	3.95508482181002	3.53830761431032	57.1118	0.197709665581647	1
2.78881856400676	21.2613883464045	3.98648417465132	3.54507018725791	57.0994666666667	0.201163182488	1
2.79906341187979	21.3851804160194	4.0971595929535	3.56206547254789	57.0789666666667	0.196109098542299	1
2.82924036747191	21.7061956274911	3.95606694457333	3.53564236525895	57.1135166666667	0.208754619692446	1
2.18303680296688	18.3102806723022	2.89498759857122	3.66355994483266	57.1823833333334	0.229063316808572	1
2.87857575758472	22.436627098644	4.07728325492109	3.55433239722156	57.11715	0.208570585133788	1
2.76761538096784	21.2125536044427	4.05880516630326	3.54984950269965	57.1419	0.195303301715606	1
0.464953456116117	16.1661971676868	4.90192106836257	2.96791223464995	57.2572666666667	0.286794668571269	1
0.565967766018197	16.6943958719006	4.85731769775168	3.01377763070582	57.19	0.278189911964191	1
0.495671980062875	15.9521275760655	4.79915456234405	3.00889178012516	57.1336166666667	0.261345351858137	1
0.618663517441752	17.2577753001161	4.78953765667677	2.99974040521065	57.0887333333334	0.227924152316159	1
0.536092007060689	16.3662206834757	4.87826927584491	2.99395562366211	57.0142833333333	0.22878671080189	1
0.414855905162772	15.1498454218976	4.84111381433399	2.99535964269803	56.9640333333333	0.248331719556429	1
0.554169598613184	16.7649595746727	4.80581095879158	2.99670484357527	56.8957333333334	0.228779730246697	1
0.633647645510104	17.4279476857463	4.83960690588815	3.0165799644009	56.8287166666667	0.219222980026619	1
0.477749404127942	15.5918146447635	4.82246127243778	3.01068895048817	56.7505666666666	0.209510031042298	1
0.474572410444807	15.8439685567943	4.85139235349991	2.99581658747962	56.66025	0.224031673381168	1
2.60160734146607	19.1067657983348	3.7966678720484	3.65402280552581	56.5494	0.187718523507396	1
0.548874753777867	16.8854106332843	4.88506745430819	3.00468591876517	56.7193	0.264038408864946	1
0.455889550073683	15.7446848361263	4.81017284266835	3.00100686099536	56.6249833333333	0.241874704338569	1
0.537906238099397	16.51685178085	5.24192975139188	3.02716601262256	56.5799	0.236401532875239	1
0.495461178783809	16.1153830968197	4.75625206139309	2.99115234190004	56.5335333333333	0.230727109092227	1
0.572868873240743	16.9200479780936	4.81382695137973	2.9989020569815	56.4788666666666	0.222422522535542	1
0.611440403423074	17.1801281753786	4.78285730253597	2.99595876710264	56.4483166666666	0.226409520347433	1
0.538299036264131	16.3717241842106	4.89160636801355	3.01016386069528	56.3682833333333	0.201779044423254	1
0.52327280029635	16.2965765243745	4.93918192433944	3.01548046555967	56.3503833333333	0.232924014063994	1
0.529705956418894	16.4744658331603	5.07441146482982	3.0183040541452	56.3243333333333	0.227643764719834	1
0.604824279984812	17.2130313446549	4.88865830815643	3.00912664809611	56.2659666666666	0.237541430225227	1
0.513093238334381	16.2183408284268	4.78069173467607	2.97458114463505	56.2391166666666	0.236546128490734	1
0.484804631253302	15.9877133215067	4.93203802792666	2.99283955868625	56.1779833333333	0.242763223673524	1
0.631299924772987	17.5166936943584	4.93514454141821	2.99441364654249	56.1478333333333	0.250801168236315	1
0.534089748015212	16.9583344949028	4.77881281800296	2.97535943313895	56.0721	0.239974836251425	1
0.541450754616815	16.7022716038648	4.83386314399751	2.98201961668812	56.0397166666667	0.234451548365698	1
0.601268280517407	17.2592585853134	4.9284383890304	2.99424967950139	56.03825	0.23813161330289	1
0.560499559877535	16.8910265050125	4.84921838570484	2.99239450283378	55.99935	0.215153065340523	1
0.459793941470501	15.9461573688772	4.9118829096785	2.99405762980485	55.97935	0.226129843081808	1
0.585611033027164	17.1797635432217	4.98052530413724	2.99719031009273	55.95805	0.238505120223616	1
0.53582925723511	16.5993262951745	5.24672092473559	3.01205486810596	55.9178	0.236503900422919	1
0.521944198070764	16.5870094634913	5.0348573392487	2.96424393386815	55.902	0.254228777258674	1
0.573808307907791	17.059899723106	4.99049998879817	2.96885659416684	55.8762333333333	0.228924261523597	1
0.589008843265972	17.2839759485656	4.96562418998339	2.97660826279495	55.8217333333333	0.23596644882642	1
0.584608830165316	17.1727696378836	4.95694175523866	2.97432424005951	55.8190166666667	0.239166596192828	1
0.548095594153161	16.7805641038535	4.96181352731676	2.97513769051606	55.7539333333333	0.245550841617798	1
0.572073175091411	16.952566661651	5.07912669681186	2.96615755092207	55.7604666666667	0.244717579640921	1
0.514689090965488	16.5636207759886	4.99200317102316	2.97521140090734	55.7362333333333	0.239528871382947	1
0.602021700854168	17.2600412489102	4.97365050699412	2.9770320081405	55.7017166666667	0.24582880164357	1
0.583841237099827	17.2891222612368	4.96521346527236	2.97555399974256	55.70075	0.227691035456205	1
0.575045154541992	17.1175232357621	5.02698269380981	2.9649036202916	55.68435	0.263415494763227	1
0.502717398021648	16.5781355682261	5.04445848820667	2.96513495452621	55.6165666666666	0.169241314692572	1
0.48648931956609	16.391447286868	5.01803665208398	2.9781366083443	54.8337	0.19763562603429	1
0.512594187150611	16.6054786162566	5.02908566492414	2.97143078670684	54.0404833333333	0.141617351669156	1
0.50848631711306	16.793997992413	5.00245360215948	2.96631273023482	53.4028166666667	0.116564740383038	1
0.517354248093319	16.6878451597887	4.9646209676094	2.98198456540504	52.86695	0.117757064633874	1
0.613255779110584	17.6537035760621	4.99056988183491	2.97682896554794	52.3541833333333	0.113597190772538	1
0.57926731828118	17.279742434948	4.96997622921866	2.96754448104976	51.9271833333333	0.106240132808694	1
0.530711758188792	17.0217116703059	4.93009589714916	2.96762398005692	51.56235	0.116974258359026	1
0.481801423130547	16.2842878261954	4.91958566843919	2.9859548811479	51.1536666666667	0.114818451636304	1
0.498279246913215	16.9225992814336	4.96592552625868	2.98307741814864	50.8260666666667	0.124150519179057	1
0.530386624533754	17.0952144695391	4.9454843115465	2.98971229876427	50.5518166666667	0.120324630340869	1
0.487628976618564	16.6604516266723	4.96769700517232	2.98889809763743	50.29575	0.127342807719816	1
0.462070272610141	16.400771451825	4.92474353149012	2.9774392374169	50.06465	0.130997195596842	1
0.50267696334188	16.9149855866825	4.97588676568391	2.97769223141523	49.8296	0.125387426720788	1
0.34826076241134	15.2363090690524	4.96022251157639	2.99162690318408	49.6487833333333	0.146399626246011	1
0.415247645474761	15.8400662781979	4.92111078623304	2.99003137855276	49.4441833333334	0.159716856636315	1
0.433102848124325	16.1461166557578	4.92495412418092	2.98169499288686	49.2698333333333	0.149187422411039	1
0.557774072725414	17.458120641182	4.90319242651066	2.98275769570981	49.1030166666666	0.164887582830701	1
0.584150158226494	17.831831875671	4.88074251250806	2.98353747878457	48.9702	0.160988451001717	1
0.461123151351213	16.5414381082949	4.9132336899035	2.9893529717286	48.826	0.158159541849255	1
0.379794830688373	15.5707579416872	4.97452403524538	2.98018062027271	48.7176833333333	0.174259157448905	1
0.450087359843553	16.5963796344631	4.88545629194409	2.98069650757735	48.5959	0.140212635132671	1
0.411934004602987	15.9412637569408	4.88376760766695	2.99016435733441	48.5015666666667	0.178191609559805	1
0.347234868978472	15.4292415451949	4.89781129054991	2.98866972788779	48.4022333333333	0.164197418038151	1
0.404857417806666	15.9290356956071	4.87508690777167	2.99283954666395	48.31945	0.16331745368443	1
0.355623126120575	15.2459182830194	4.87860024107582	2.98072104736482	48.25505	0.190873853542338	1
0.341287234397586	15.5609900705934	4.88339883373026	2.99578299287527	48.19785	0.194419939079983	1
0.402488255664848	15.9572830480214	4.85156210002598	2.99182949634878	48.1274333333333	0.17687881197106	1
0.39359013935298	16.0063346589513	4.86136704869468	2.98870146279619	48.0521	0.185499390103616	1
0.343676328696279	15.2909867475214	4.85596609449849	2.99367849174918	48.0121333333333	0.18118044817877	1
0.291960977842606	14.8909517722792	4.93191420716914	2.98241878068887	47.9661333333333	0.177909943574268	1
0.396509489875416	15.9021468686278	4.86062093742123	2.99339279703251	47.88185	0.186811590483522	1
0.353950954662156	15.5353330698053	4.81997168104972	2.9818184244167	47.8241333333333	0.188675891651253	1
0.289485509186726	14.8791641995548	4.8704638357545	2.97526593880463	47.7718	0.181896301245461	1
0.394420673157815	16.3050331234409	4.8393665604602	2.98628846608061	47.716	0.179954137283431	1
0.366142009283876	15.7360014615158	4.82358634699857	2.98748133825126	47.68105	0.197223131400254	1
0.292655239598267	15.1669275544509	4.89639913029732	2.99543824654782	47.6462333333333	0.201416119283797	1
0.332739746869867	15.7134735774223	4.85230072395553	2.9806024486172	47.6111	0.191630621027158	1
0.242530972062823	14.581134581077	4.84858128084857	2.99298871256556	47.5624666666667	0.173507921634883	1
0.281873325490696	15.0468628869432	4.91676456188294	2.98174218361315	47.5355666666667	0.19636073399004	1
0.268357803502591	14.76637802564	4.87291640777194	2.98908223975028	47.49145	0.192053349314847	1
0.245897407206704	14.4415160833498	4.86704072849438	2.99701139604144	47.4744	0.187743893353487	1
0.315953421130232	15.3160553206871	4.83689432287612	2.9947893633194	47.4484	0.205770828589246	1
0.30447125833705	15.2298073846559	4.89448733503427	2.98642038091635	47.4243	0.193996793613202	1
0.248793829857494	14.7187677493231	4.82651584443924	2.98633303367786	47.3889833333333	0.190509797040366	1
0.299403117647798	15.2611539188257	4.91683167445932	2.98113187048913	47.3787666666667	0.200353193785093	1
0.258509576426845	14.6510655617709	4.84575829610667	2.99573654304339	47.35445	0.187759260305606	1
0.325759494958607	15.3683715893028	4.89063528103798	2.98074122582894	47.3164833333333	0.200911270715619	1
0.219311316054073	14.4025826680096	4.81966543303081	2.99141442638866	47.2906	0.18919581820727	1
0.242002710147899	14.6905162624937	4.89727451852831	2.98271840450786	47.2821666666667	0.197007714437842	1
0.259372486212826	14.8424792515631	4.8903538844673	2.98540049303891	47.2770166666667	0.197324003682721	1
0.265929028869615	14.916829052552	4.9332656171984	2.98615692968042	47.2359166666667	0.202803594698414	1
0.291070440535163	15.2342947992316	4.86995490996166	2.98436822310605	47.2422333333333	0.214610041835179	1
0.29683212527317	15.1011356853101	4.89551341149208	2.98056947645841	47.2170833333333	0.200529239735008	1
0.313352968003201	15.1369013974463	4.85129478267299	2.99061742738583	47.1928	0.202072968864623	1
0.307718198387474	15.1980915862954	4.91610142310358	2.98848370908303	47.1508	0.176748485477653	1
0.265653122480245	14.6578484292474	4.85324112668602	2.98680318053645	47.1296333333333	0.19050734819821	1
0.332390405804734	15.4851634778773	4.84450888240209	2.99164362914123	47.1091833333333	0.188212599919243	1
0.287980208397209	15.0222128493235	4.90984874011397	2.98233066028501	47.1060666666666	0.192719772557107	1
0.262470728355917	14.9586632964148	4.82720883838093	2.98425047695794	47.0940166666666	0.214775285930033	1
0.333168824189513	15.7803527714388	4.88457333344231	2.97863281540065	47.0851666666667	0.189185602228064	1
0.238303975858315	14.7417626987914	4.87862604568988	2.99033436717159	47.0793333333333	0.214484535151626	1
0.323041591403523	15.412158790407	4.9001066476996	2.98439739769626	47.0771166666667	0.203986879909325	1
0.229584286640967	14.4590277196148	4.85755655129518	2.99423190035621	47.0595666666667	0.210842809684087	1
0.249001387752025	14.995092321995	4.87553894764303	2.9757938022966	47.0525	0.207497641399705	1
0.290746858665321	15.095204626402	4.82172441845152	2.98981885889635	47.0149166666667	0.200051712947196	1
0.259075921115567	14.8379588625077	4.8103025518348	2.98750225652665	47.0046833333333	0.214095534803038	1
0.303836865474073	15.3198366480156	4.86152397828195	2.98163071467389	46.9977833333334	0.206451134421574	1
0.229282582942832	14.4487714574912	4.8856096333888	2.98485870777376	47.0068666666667	0.200722716799937	1
0.340903227748586	15.6441911060558	4.83571205800929	2.98783922688958	46.95575	0.203883368537264	1
0.266559102930626	14.93980941864	4.83255752855751	2.98826082329199	46.9717833333333	0.209222215146324	1
0.271611628612049	14.9946984027083	4.8706963072609	2.99372521133769	46.9886333333334	0.210491995634011	1
0.260539511652212	15.1081006588378	4.85588673146653	2.99229429209535	46.9758833333334	0.206439640430909	1
0.289399590147036	15.1601583401313	4.90375767504936	2.99048404354212	46.9235166666667	0.191190338354808	1
0.166737216932855	14.1581731902896	4.86258503917773	2.99241639333622	46.9368333333333	0.207158677139348	1
0.228776445349614	14.6224369206964	4.80765036628464	2.98531735773735	46.9302666666667	0.193881307974547	1
0.136181680513938	13.6726298490001	4.90718239001567	2.97950405457283	46.935	0.205651342267128	1
0.216232412099522	14.4965263843637	4.86685033075175	2.97843791759688	46.95375	0.207155851016016	1
0.243769105370011	14.7788840123155	4.89474100517343	2.99545708114387	46.93775	0.202430119769344	1
0.231010342862537	14.6566389021111	4.86865272786924	2.97613277170779	46.9092	0.207613542551654	1
0.271437008872823	15.0762339006039	4.88837973004293	2.98805350289406	46.9052333333333	0.215900665064148	1
0.221446363696803	14.3944289511996	4.8655648375821	2.98349614833153	46.8911333333333	0.206917036241595	1
0.199220875740961	14.291213309351	4.92829783148826	2.97885938342351	46.89755	0.20665171100433	1
0.247108739971392	14.6086310209841	4.87762591725482	2.9910120867367	46.9107166666667	0.21546772865187	1
0.253000642114294	14.754207468291	4.86207642391693	2.97659972415707	46.8989666666667	0.191083970065046	1
0.256494636363121	14.7851755978153	4.83567982002921	2.99291122440886	46.8931166666667	0.205231666673663	1
0.26659509207831	14.799763203259	4.86550339061986	2.99121936878327	46.8941833333333	0.210079685580937	1
0.176077222805639	14.1677770389327	4.86405833107737	2.9869097688825	46.882	0.193416648714634	1
0.197375409696106	14.4773162735187	4.91385540133387	2.99576252631597	46.8761833333333	0.20881485527929	1
0.219894053306304	14.7744653595034	4.87148159209637	2.98862380252359	46.8685333333333	0.194985133433006	1
0.2471076456629	14.7489547716756	4.86059141436494	2.99037810099471	46.8509833333333	0.193074631365273	1
0.270042995348987	15.2357890791221	4.88529043350011	2.98779184686623	46.8296333333333	0.206094430114677	1
0.238981703091379	14.5608201842822	4.90934525119388	2.97359391284309	46.8376166666667	0.218718307470132	1
0.219707916435928	14.6227756467781	4.87240035819633	2.9782515844013	46.85415	0.201908506297418	1
0.2376659962257	14.6074046158538	4.87814284635331	2.9869165338784	46.8226666666667	0.198878692833789	1
0.228417116085724	14.5078315623154	4.85905195991805	2.97500755459636	46.7975	0.195018078258037	1
0.279833764098983	15.0549087840286	4.85435667565674	2.97462556627802	46.7989166666667	0.210671106162548	1
0.23460386731431	14.9002997627315	4.82795269172436	2.98256173471165	46.8040833333333	0.206971568641658	1
0.235672391870413	14.6388002283482	4.84346283717082	2.97779851657516	46.7988166666667	0.207486123012932	1
0.252022108110149	14.9763527142663	4.85532420517162	2.97394846596187	46.8021166666667	0.207820986498906	1
0.267403496678077	14.9474123929472	4.87526506092149	2.97471226397102	46.8003333333333	0.207035955828087	1
0.189820110985977	14.2422224645674	4.85431338298359	2.98138019925079	46.7926333333333	0.200146892384252	1
0.16823722072545	14.1737706811144	4.93862138063625	2.98283548516338	46.7666666666667	0.21116710923484	1
0.193055287857436	14.5380023818911	4.85746406147275	2.97219266950756	46.7540666666666	0.198885186763933	1
0.198128592315283	14.3852340794956	4.83307510283563	2.97998922585988	46.77125	0.221362163946594	1
0.2823931810455	15.0102965036135	4.90609011128455	2.98076662612837	46.7687	0.206980986599155	1
0.220936898496692	14.6757707302047	4.91355893925841	2.99556560629624	46.78855	0.214496211100036	1
0.171572703515627	14.1848100078146	4.8895082249924	2.98092081758138	46.7837666666667	0.207364770447149	1
0.102929988614941	13.6492815523127	4.88736504658525	2.99328531443257	46.7846833333333	0.204503242000464	1
0.295002728530288	15.1930956523601	4.81702391525262	2.98977986904425	46.7664166666667	0.204731679850636	1
0.192450699455643	14.1899125634604	4.8642455294146	2.9745960561662	46.7552833333333	0.20869530881384	1
0.224561993000855	14.5034119101199	4.88279064038977	2.97947149664285	46.74365	0.2015247661106	1
0.185473565062087	14.0562888889224	4.91741683472467	2.98205397089647	46.7317166666666	0.195967144571258	1
0.297021792567713	15.1855877515141	4.85663216052748	2.99156041677404	46.7098333333333	0.197617346959242	1
0.220551725186409	14.7036078226597	4.88746535564466	2.98500646305214	46.7023	0.195147080559377	1
0.234627771940514	14.5903961303142	4.87261725056665	2.99380897468293	46.6927666666666	0.191979639339447	1
0.211362516846939	14.3510105993423	4.79563316056059	2.98385290721304	46.7182833333333	0.213405088788679	1
0.309360967166925	15.4771978475819	4.81748109381557	2.98565637465361	46.7064333333333	0.200051719301486	1
0.239686183729623	15.0153672987252	4.78639251269375	2.98442944544398	46.7020166666667	0.195017121514025	1
0.233983350515462	14.7690991198912	4.87098012597538	2.98288503540134	46.6895666666667	0.200191803508762	1
0.184058392026747	14.2892198399782	4.88240530223931	2.97976283399653	46.674	0.195557612127519	1
0.133555847408227	13.6469349842356	4.9016332040949	2.97981205761707	46.6691666666667	0.202449170575399	1
0.261737285885382	14.9609725025962	4.91768933776405	2.97818674578951	46.6595666666666	0.186722795233703	1
0.247320076575448	14.8939390312826	4.88043189060485	2.97775265726834	46.64905	0.201407456563361	1
0.219066023342944	14.4712920078815	4.86167404030977	2.98450213798904	46.6350333333333	0.197645888333508	1
0.236405340694623	14.7400304216736	4.88919583084942	2.98167900221146	46.63655	0.211203285879036	1
0.227539513673701	14.3623296136807	4.84823807662408	2.99168695887033	46.6279666666667	0.198904198613274	1
0.195242211594024	14.3436395750016	4.87060397930605	2.98041930818073	46.6266833333333	0.203810105342076	1
0.308642321891057	15.3174711179344	4.91113048653386	2.99514911601534	46.6379333333333	0.205313556535303	1
0.267665534697515	15.213009674004	4.91060568669472	2.98125627859119	46.6344666666667	0.199385536311929	1
0.154905399434199	13.9859465054353	4.91864475624794	2.98136195360911	46.63915	0.20746017179535	1
0.224356640586792	14.6149945510568	4.90065271399467	2.99543215886475	46.6242	0.200120878725072	1
0.177378187213864	14.4892817327752	4.92462915723002	2.98187374539721	46.6214	0.20139119533714	1
0.292440994659131	15.4764092066345	4.8182286088515	2.98106324674074	46.61335	0.201975063488507	1
0.213123610240254	14.4275838180363	4.90121533077735	2.98466558647039	46.6044166666667	0.195004762363981	1
0.227619992438424	14.6240557487976	4.84719012620636	2.97188809142895	46.6026166666666	0.209349443629599	1
0.161569999091298	13.9637811467583	4.8821401756574	2.98232988992732	46.60915	0.200551597401614	1
0.279173062177134	15.0586684743626	4.8194321798749	2.98692070010853	46.61575	0.20198209561531	1
0.23788672113249	14.6985481429141	4.9134118269522	2.98080528572531	46.6048166666666	0.199679530677912	1
0.280435312846666	15.0039651984087	4.90447330702704	2.98191058329502	46.5974666666666	0.212451746598535	1
0.258038441429626	14.8114210101227	4.83379304274967	2.99302258477566	46.586	0.204423787132914	1
0.322681348407885	15.4156620138907	4.84059480083023	2.99329202390771	46.5923	0.200011550513922	1
0.253668992567537	14.7673055474695	4.8692765304089	2.9908212280064	46.5384333333333	0.199416977896684	1
0.182162250786338	14.1344906123168	4.91013759556998	2.98343209669918	46.5579166666666	0.217806576581746	1
0.223778558062771	14.4844176283775	4.8926425945883	2.992314243076	46.5970333333333	0.214991837974097	1
0.26087963705016	14.9210740492301	4.94396329431668	2.98256050832842	46.6052333333333	0.197010312615447	1
0.342744783610616	16.0683479745725	4.83082510968093	2.97921738384248	46.5862	0.211556203214758	1
0.245726664919602	14.7643750699636	4.86561783689618	2.98735696530995	46.5832333333333	0.211876312388649	1
0.297611130217436	15.2835901542422	4.97956779795445	2.98368687755648	46.5534833333333	0.20010967261341	1
0.25028132460389	14.8275675046593	4.85900645810932	2.98859880781178	46.5563666666667	0.205088403151774	1
0.262598307929217	15.1687883758481	4.91544267357138	2.98255611512962	46.5786166666667	0.214165158164795	1
0.255965065611692	15.1007784710649	4.869045074609	2.9799907871366	46.5946833333333	0.211873762516593	1
0.275236107229648	14.9037984494954	4.94636483655501	2.97583717279103	46.5807	0.206527324083813	1
0.245452951259943	14.8854123143116	4.90389487199272	2.97640447833511	46.5368166666667	0.196718804015039	1
0.223982712111381	14.5282212489689	4.82190023587024	2.9750548305418	46.5303833333333	0.204665588478729	1
0.236314413452108	14.9749317684939	4.89035630791368	2.99007969259267	46.5146333333334	0.198501929006267	1
0.246393908148635	14.8676372753699	4.90882694965084	2.98020383724276	46.50585	0.185853215728462	1
0.238871793055942	14.6916138129374	4.94630588301946	2.97970495583282	46.51865	0.206577832420271	1
0.299162026939852	15.5437265315886	4.89896130838848	2.97879213947071	46.4980833333333	0.179763242756487	1
0.190167232946978	14.2566305750524	4.89163656755113	2.98935465347807	46.4874333333333	0.195032145691697	1
0.256151376426399	14.6916843902764	4.88900778232384	2.99323644670899	46.4774	0.190843195906296	1
0.176463717336371	14.1436691234552	4.86877447825465	2.9788329938427	46.47405	0.204265980226679	1
0.27024058678978	15.2692761635983	4.87792417934789	2.99429986217088	46.4932666666667	0.197620065771369	1
0.301078348882269	15.1096876649157	4.86102908801484	2.99226146844393	46.5142333333333	0.206692219123816	1
0.31607340429511	15.8274855976976	4.87354413103624	2.99167011996784	46.5175666666666	0.205433346579872	1
0.222913382639882	14.7130121663144	4.91198871093169	2.99303081336407	46.4859833333333	0.187973176202753	1
0.19312565862181	14.3993648881448	4.90322895113975	2.9779381232264	46.4740666666667	0.181639227700263	1
0.193348822979036	14.303140032317	4.92160429058579	2.97781484038827	46.4479666666667	0.196187558708728	1
0.251204302749468	14.9453168019596	4.97422060861099	2.98230084367772	46.4656666666667	0.20786278611889	1
0.173846445086903	14.5571046433972	4.805504264029	2.98619124173174	46.4599833333333	0.193617611230309	1
0.268569828801644	15.0717801236672	4.79252861406877	2.98568434773829	46.45015	0.190580898343878	1
0.220340798892565	14.5564122998729	4.95058247535653	2.97991065953854	46.4643666666667	0.19913916151706	1
0.187837457702129	14.3085533176671	4.91988804402641	2.980384915903	46.4714666666667	0.198857453985637	1
0.256572736831798	14.8876026809424	4.86503702889154	2.98820571260279	46.49925	0.192531540449342	1
0.283948191616189	15.2934541437856	4.87885572260542	2.99343072037086	46.4944833333333	0.206275485670742	1
0.22126499940278	14.7227427736574	4.9353414478208	2.99036273698724	46.4896166666667	0.185604654718322	1
0.274633478796515	14.9560900900246	4.89891131349635	2.98223950327272	46.4713666666667	0.208874787459277	1
0.247873806032653	14.7426703527284	4.85146051895953	2.99294862368823	46.4915833333333	0.194352841080747	1
0.229185135997497	14.5410260006083	4.93466964383907	2.98857857159328	46.4452333333333	0.197595320628965	1
0.25544561510318	14.7874874000553	4.88524027153497	2.99412880832523	46.4581833333333	0.204859066203206	1
0.319408872081872	15.7274350087265	4.8179781660424	2.98403609181581	46.4440166666667	0.191142638341346	1
0.238936445442259	14.7171000633619	4.92449180594225	2.97766893247883	46.43435	0.199254953365476	1
0.203354560984467	14.3331745719289	4.96706579522585	2.98498539343086	46.42615	0.194591342762123	1
0.256705096319934	14.8523266177032	4.83487876891846	2.98602834847503	46.4500166666667	0.204249472888283	1
0.17834330771897	14.1925351935639	4.91696061236128	2.99746022773452	46.4215666666666	0.190286346817923	1
0.248409514856597	14.6571211363455	4.91867500070694	2.98799048943245	46.4256666666667	0.203187036376371	1
0.240959512923346	14.6801560386614	4.92560471910936	2.98156539490839	46.4389166666667	0.195799819226269	1
0.344951848376364	15.8216029916953	4.87260552393492	2.97460951994529	46.4455166666667	0.20833720154601	1
0.241452742598841	14.6750010506088	4.84538927213988	2.9781445650467	46.4457333333333	0.194231808621107	1
0.20878594884285	14.3302222740128	4.90209967467964	2.99550482493246	46.4223166666667	0.182758476505095	1
0.352818815013359	16.0636131357118	4.84430568712403	2.9783979430407	46.3794833333333	0.181665784738439	1
0.250005869165239	14.895500944237	4.9155744037052	2.99647671355736	46.37215	0.210745555073057	1
0.251476500719509	15.0260824235226	4.84651657933055	2.98471381630642	46.3914	0.205739443578687	1
0.215430172212463	14.626922934296	4.90012856056505	2.983238787749	46.3816166666667	0.193161923088049	1
0.240237875988266	14.827406510738	4.83552868231707	2.99276325604088	46.3700333333333	0.201656190604304	1
0.282740740224508	15.107250197277	4.88548336399773	2.98482091273667	46.3728833333333	0.203892052834434	1
0.302726456587319	15.4042724766161	4.84715191708353	2.97678210860377	46.3793666666667	0.206138423680581	1
0.229565078983092	14.6718274125806	4.87992022914959	2.9781435190288	46.3900333333333	0.209166705606947	1
0.328885246295568	15.4745458350857	4.87160192518501	2.99275261546281	46.4059	0.198746725801834	1
0.244096598115343	14.6072125450403	4.91134905565912	2.99471584042159	46.39475	0.204111520282086	1
0.515401284908522	16.0835238665558	4.9799641276544	3.01417575071422	46.3348333333333	0.248226397936981	4
0.505511155844255	15.9568086165044	4.95103625983058	3.02197733082756	46.3413166666667	0.224077278714639	4
0.523153774948816	15.9403549023305	4.98390303488491	3.02378333737851	46.3266333333333	0.233281743287837	4
0.447378463441222	15.2032828589954	5.01692527280349	3.01743451659968	46.3419166666666	0.227061874018445	4
0.410315614878048	14.8925114274053	4.98973357691624	3.03271793023721	46.3459666666667	0.217794878359313	4
0.5049703003854	15.662816182724	4.97673245119443	3.02940112836263	46.3461166666667	0.226412409948154	4
0.495076190020679	15.6529493989796	4.97559542664424	3.03104747179767	46.3497	0.218152667736789	4
0.544700062058055	16.3197995573231	5.00871905240877	3.01874480496194	46.3436	0.211662202897903	4
0.511529453823928	15.8881626192705	5.02274834111642	3.02348085886043	46.3331	0.20426110740912	4
0.523922940192062	15.6764887077257	4.97835607346225	3.02717568292496	46.2839166666667	0.197278800536811	4
0.652868709070292	16.9902439357952	5.1891680744388	2.91637446722994	46.2326	0.192016701251016	4
0.632373824231273	16.5961032948851	5.01439045475831	2.94853520449623	46.1653	0.189833941706241	4
0.634252188123017	16.2403668144669	5.08903631955672	2.93610552441936	46.1132	0.192773055294192	4
0.701000069068623	17.3650430813181	5.00033433853906	2.94343287781779	46.0779	0.183608620232626	4
0.636607432798468	16.4110006270691	5.06409846887241	2.95556054630821	46.0731	0.18205658461039	4
0.746447929489476	17.3600345726033	5.03093042976439	2.93897564269187	46.0467833333333	0.178498928607777	4
0.67798440140715	16.9785426590618	5.0602457787964	2.93502458605851	46.0259166666667	0.185236751091143	4
0.688446330460061	16.7181299578393	5.08486505273487	2.93303904846715	46.02315	0.193548647149908	4
0.635775269924908	16.4068505201573	5.05576277333166	2.93656573662838	46.0016333333333	0.195531432877013	4
0.711067725482427	16.8973118270226	5.07851635442054	2.95711301788272	45.99925	0.187013153258068	4
0.740392964637548	17.388366209171	5.06457097029214	2.93753033518193	45.9996166666667	0.189721749123276	4
0.722421243791971	17.2688827735259	5.50902630012234	2.96569134246331	45.9944333333333	0.195043790534302	4
0.712608173304591	17.059465576458	5.3368887966412	2.95682510351836	45.9875	0.180189119105643	4
0.64632899313848	16.4332324888388	5.39806318495597	2.96398136018896	45.9563166666666	0.197311634409748	4
0.643070838548765	16.3792371858984	5.51413515018069	2.96454088748257	45.9507	0.192513904406488	4
0.715898448238572	17.0335867795474	5.49107764222659	2.96303324516878	45.9328833333334	0.200687301386642	4
0.648806118939753	16.4809304357356	5.48504557581624	2.96365751393252	45.9426	0.199936193211565	4
0.723605933740884	16.998977140097	5.5018792385986	2.96641268965386	45.9526666666667	0.196707014916891	4
0.72244744904373	17.1499641183291	5.52935406102517	2.96457832731847	45.9672833333333	0.197709862040371	4
0.714988084142556	17.1420740499912	5.3671604316537	2.9569652491527	45.98335	0.177616214044567	4
0.710080245137284	17.2507757797029	5.35542897846105	2.9583890197836	45.9818666666667	0.187411490220495	4
0.668488732663229	16.7907415569183	5.52997172500851	2.94838970830748	45.98185	0.176520400223077	4
0.669934258874952	16.5784153324816	5.479734489997	2.94798939977162	45.9924333333333	0.192756135268415	4
0.711252007946757	17.2398399274093	5.57581920581587	2.95192160345067	46.0067	0.190121843180202	4
0.816238311586648	18.3122089960214	5.55879174584188	2.94976748569357	46.0065833333333	0.182266548309799	4
0.683391247580009	17.0414392969661	5.48692225388103	2.94775550062665	46.0121833333333	0.18089256027151	4
0.730944318103167	17.4007156189013	5.53281510952048	2.9464448845051	46.01355	0.185325314066639	4
0.797054162123693	18.1211964518951	5.46629667770602	2.94768036145325	46.0397833333334	0.179529714425167	4
0.667113579678241	16.8581132241655	5.55761195047019	2.94569105042232	46.0271	0.173547014096166	4
0.721301554254472	17.1363295023636	5.60346810060101	2.94521197554585	46.0086833333333	0.177076206104495	4
0.789108674938409	18.2266285223679	5.57964921447177	2.94021403712877	46.00575	0.176592571872879	4
0.725556466537682	17.5556649780099	5.32525770956989	2.89293143275543	45.996	0.187545700645225	4
0.715864048435859	17.6644144866315	5.34698756379053	2.89071505630145	46.0005333333333	0.181608954705924	4
0.662341025486345	16.9828499766468	5.31008799770517	2.90358790447621	46.0134	0.183155597461164	4
0.743299406577633	17.6263872396621	5.3610813997215	2.88731549041845	46.0148333333334	0.17706660306479	4
0.766761219770217	17.8138802935625	5.33869057440865	2.90558372386726	46.0032666666667	0.180678370167344	4
0.659781445003094	16.9198423402988	5.36071136666275	2.90915294564543	45.9971666666667	0.176878217864162	4
0.747156596435509	17.6770763328974	5.33670733616148	2.90247461282364	45.98035	0.186975011926048	4
0.665519760063208	16.9007594589528	5.34432547331984	2.90257246028622	45.9794666666667	0.177846102454319	4
0.743351807815822	17.8275502062043	5.31844465338641	2.89878077127837	45.9762333333333	0.185420398807103	4
0.725152964352147	17.6360271025477	5.36643178079659	2.91108954589817	45.9611333333333	0.192301093950251	4
0.682418950615405	17.0728511957082	5.3147601176626	2.95373390593642	45.987	0.192883208712915	4
0.712991602425225	17.0300222794869	5.04767257580069	2.96926004863766	45.9847833333333	0.195947510410717	4
0.572212572362386	15.8013694717301	5.05591303894148	2.97090133181882	45.9825	0.187679812085388	4
0.696915002788568	17.1115001747806	5.0082883479901	2.97192299402697	45.9605	0.187125399810494	4
0.605354041402482	16.0604242305787	5.05918080180137	2.96524330700086	45.95405	0.198432281494173	4
0.63690830884542	16.4744400019769	5.0500333549754	2.96443020244199	45.96065	0.189472132470849	4
0.611495626162757	16.1495264153261	5.08097753193184	2.9683146564164	45.9542	0.183352379082613	4
0.649070475736797	16.425264115599	5.09928031630303	2.98882388487366	45.9679166666667	0.191580075011059	4
0.621053258061024	16.1733219127192	4.9999335935716	2.97428186630503	45.9631166666667	0.18124242512907	4
0.636477309012552	16.3962395123556	5.01038020495281	2.97666717250487	45.94005	0.188581540606781	4
0.561341324438992	15.63876854385	5.06230050081342	2.97092539415217	45.9373	0.196324385665101	4
0.630914526725054	16.383719187928	5.45224957542903	2.99708973663975	45.9415666666667	0.204272779296659	4
0.621842006976976	16.4611398808328	5.47420978164598	2.99624881974895	45.9440833333333	0.18323841019762	4
0.685779369570952	17.1960779158182	5.47056251251277	2.9969839507507	45.91715	0.19757906162653	4
0.666099042671877	16.7574990700323	5.4371842797828	2.99531320074766	45.91475	0.206431473835339	4
0.609587434354593	16.5263421689173	5.47924765672076	2.99612821983864	45.9337	0.202721759721069	4
0.6205420509433	16.3307148509182	5.43834886525841	2.99510123069752	45.9128333333333	0.199925169616854	4
0.629002707156906	16.4498030732693	5.47874085486884	2.99783405942603	45.8968833333333	0.193949066498088	4
0.651391017612885	16.746664832004	5.4715523552026	2.99492906803063	45.8817666666667	0.18626274195219	4
0.696657455934228	17.082087180924	5.44185573216677	2.9904371139422	45.8533833333333	0.190960914597608	4
0.635837341445797	16.3136198934972	5.19997741967838	2.98046838974522	45.8600333333333	0.196308643762365	4
0.672150295697522	16.7926316946707	5.46435386344529	2.97886058363767	45.8308	0.194708456546827	4
0.665648998969754	16.8888820274298	5.41817872450008	2.97592936362481	45.8412166666667	0.193860782798751	4
0.607784956834882	16.2672113738827	5.47559919331488	2.97659197910689	45.8292666666667	0.189339339046947	4
0.657665467664263	16.6615130959509	5.51634861131521	2.97647852683167	45.8292333333333	0.196691478852306	4
0.617827801585814	16.6295710309374	5.49424107646146	2.97819563471939	45.8255666666667	0.190367384924356	4
0.620784056690929	16.5491445723972	5.50707580756868	2.97851271385568	45.789	0.185629939870354	4
0.687676835036905	17.1371386046221	5.50820633172228	2.98092160969925	45.7792333333333	0.194753156817536	4
0.59892943314605	16.4464001691062	5.52045937085723	2.98176794733429	45.80215	0.192584722716338	4
0.662312982427826	17.0160958992638	5.47780534472786	2.98145040906128	45.7798166666667	0.193726829487495	4
0.676582202862853	17.1370078083512	5.5038542879518	2.981036045489	45.77005	0.207967437558734	4
0.636435883214345	16.9043113736688	5.26165182515753	2.93154914273853	45.76875	0.191740964474541	4
0.657514411287884	17.0862584258186	5.2672892963112	2.93039995664155	45.7595666666667	0.199044272961746	4
0.701577632545845	17.4189499747022	5.26416547353953	2.94021495184396	45.7563333333333	0.193619464866375	4
0.62892909604717	16.5958022144197	5.24260086979015	2.95059517234642	45.7362	0.190409887935813	4
0.592833453418859	16.5006806875356	5.23031617252398	2.93558240082793	45.7191833333333	0.19060843629992	4
0.604359887444002	16.6734122460265	5.2590981024288	2.93468020649403	45.7141666666667	0.204676443020891	4
0.598694279884719	16.5196230242786	5.24141398456257	2.94033461384775	45.6901833333334	0.195553927857676	4
0.664345205552792	17.3937848393095	5.25954865373515	2.93236045900498	45.6973833333333	0.204105912325753	4
0.562589884292422	16.3130726745529	5.2514050276336	2.93669500112929	45.70575	0.210227449464799	4
0.483831771282133	15.5089217389022	5.25066237180842	2.93577731767281	45.7187	0.211035405496048	4
0.521528933079271	15.7384277582345	5.06310762383717	3.0206647160352	45.7124833333333	0.203396456118543	4
0.423674528858258	14.5931214728597	4.82072938140621	3.07098660907518	45.7006333333333	0.215907934449367	4
0.463575180981092	15.1559577899766	4.88249917450953	3.06077255895677	45.7092	0.21086012714674	4
0.471763335914624	15.2687385836187	4.83738402655595	3.06891867568964	45.7094666666667	0.207731122389111	4
0.534555975232631	15.6699571155446	4.84116730696824	3.07055085773663	45.7185333333333	0.221259987166464	4
0.521823660986319	15.4044809781255	4.85173153457334	3.0627734513421	45.74115	0.220754394163226	4
0.481717283221358	15.0783044519401	4.87139820049907	3.05624379855664	45.75725	0.207281485923803	4
0.514859260953801	15.5229766134814	4.86090361454357	3.06618216027639	45.7203833333333	0.21430882924832	4
0.528559272484947	15.7422930763069	4.82742008916285	3.06205564178117	45.7403666666667	0.213609414401389	4
0.486964510841969	14.8857587812213	4.85769653718056	3.06920203257978	45.7578333333333	0.210533637287201	4
0.558090972188427	15.874062123185	4.8627872153744	3.05905325041021	45.7471166666667	0.207723177237356	4
0.572631824304194	16.1514843238907	5.2147990557756	3.08628255810922	45.7496	0.200199070418947	4
0.599527627297964	16.288286887793	5.23836830196871	3.08756462834587	45.7170333333334	0.207483629467906	4
0.515787470217289	15.5462513447017	4.94927707942542	3.06976492222968	45.7282333333333	0.221505585242868	4
0.585561601586733	16.1969500669916	5.23830128978337	3.08928902474657	45.7184	0.205191287355921	4
0.521026747719468	15.5007259911491	5.17743991497458	3.08130907577728	45.70045	0.199362324526672	4
0.618421608105313	16.300806860109	4.97594826920387	3.06965095436534	45.6918166666667	0.206126790968089	4
0.491336573849599	15.2030548703327	5.21400264483565	3.08840859100876	45.71015	0.204651901646327	4
0.550275367266436	15.9142364133703	5.16936771617937	3.08460907140644	45.6884833333334	0.203121863035317	4
0.560369574083168	15.9353474385985	5.23490419557643	3.08749889298429	45.7273166666667	0.212865159170543	4
0.550321338008788	15.8225686877653	5.21343957371051	3.08609874229599	45.71115	0.19807324659567	4
0.549634687982013	15.8295391990369	5.19115438167427	3.06833512808881	45.6926166666667	0.202609760307226	4
0.568403592416659	15.8650106663313	5.17270849085381	3.06675375296084	45.6630666666667	0.191425417318287	4
0.612368238084859	16.6758340461497	5.24493174712899	3.07149536874102	45.6470333333333	0.199646888846255	4
0.592498705798126	16.3829925039725	5.22870357784146	3.06846024281862	45.6387333333333	0.196082641403789	4
0.548613358707094	15.8857389998392	5.28161402771913	3.0741189591043	45.6614833333333	0.200386194225446	4
0.535688269270039	15.8256510645575	5.2586793332663	3.07417772872305	45.6447833333333	0.206602384981941	4
0.548391798024775	15.8428330941795	5.25998445677123	3.07222156446579	45.6334	0.205611712388148	4
0.609854475806779	16.7104244161602	5.24829918599477	3.07229638258197	45.6239333333333	0.206972270857607	4
0.551573392357647	15.8657083401661	5.2186101006047	3.06928117286889	45.60785	0.196729343885865	4
0.592800614095156	16.2252553334165	5.24257840827131	3.06910727338193	45.6027	0.201473075124196	4
0.513956292602994	15.5383494020717	5.03160397348495	3.02107901253656	45.5867666666666	0.199263335403576	4
0.489487514352212	15.2899399487166	5.03125360975745	3.02277119392237	45.5673666666667	0.215396753879721	4
0.581708505363766	16.2114388952509	5.04113416706575	3.02525422230225	45.5825	0.205963424431111	4
0.478579751083795	15.5443119953847	5.01781084094636	3.03085491289073	45.5463833333333	0.180322600900387	4
0.483088521192835	15.5252473582611	5.02935407978678	3.04271859231328	45.5561	0.204782952481691	4
0.451296363645924	15.1283132066643	5.05713781597416	3.04481510325513	45.55595	0.214471002741511	4
0.49541743735495	15.7063947865884	5.02772729732082	3.01961085453246	45.56005	0.198885404786998	4
0.390918599019098	14.5951691662596	5.00423284845075	3.02224457303193	45.54855	0.199551821993729	4
0.482079486403561	15.7539586771742	5.05096940847654	3.04225300619651	45.5249833333333	0.203822329714866	4
0.518120238076192	16.0911458967328	5.00019633366528	3.02789147983984	45.50945	0.195046663256406	4
0.289113121973822	14.5926487846938	4.97867907483768	3.00851959097529	45.4238833333333	0.246772185592139	3
0.32702355041632	14.8390671719556	4.94149504067306	3.01922816674539	45.4439166666667	0.230262509858482	3
0.334361906408384	14.9804379675103	4.95095267285064	3.02330796557891	45.4293333333334	0.223370458167415	3
0.355008397912813	15.1579557594042	4.95571310050855	3.01870283957466	45.42285	0.221565678750117	3
0.325481945601557	14.8253124911075	4.96145044106639	3.01701750275885	45.4104333333333	0.222338142740993	3
0.372282213057143	15.3535871141483	4.99127348299069	3.01920804085202	45.4245	0.232734336071067	3
0.403290760645151	15.6393846350797	5.02502003896633	3.01516422031357	45.4122333333333	0.217110716632865	3
0.442913711547498	15.762330909669	4.94429417798715	3.02254797319762	45.3719333333334	0.217873456248926	3
0.356691290907561	14.9678192049768	4.95439793433106	3.0251098671237	45.3651666666667	0.217283394317945	3
0.366979724869452	14.9881389971134	5.03264430616286	3.01395611828714	45.3697833333333	0.203296401434354	3
0.550071171763329	16.6356778143437	5.20785443267161	2.92045947993556	45.3073666666667	0.18429314955188	3
0.423993887775951	15.2272762862246	5.04678008044901	2.94837502343206	45.2274166666667	0.189685582099687	3
0.500554228570578	15.7613327639646	5.01597939858555	2.93541013112769	45.1778	0.196632135242868	3
0.45448434640055	15.4273277292607	5.06650592816765	2.93983321898646	45.1243	0.184925756976199	3
0.496784078912533	15.6697646133997	4.91457573351252	2.93734136194334	45.0991166666667	0.198339470303382	3
0.436710198568179	15.0419733350652	5.03000973690542	2.95088183345062	45.0430833333333	0.193039847617951	3
0.536158173008983	16.3092042585539	5.06823937153408	2.95216716048947	44.9959333333333	0.189033121182386	3
0.526852200999635	16.1962803921236	4.99552334121729	2.94411637930302	44.96845	0.187385257546485	3
0.494825950055976	15.6946318285754	5.06853377408251	2.9348482094795	44.9624333333333	0.207553576229488	3
0.517163596772393	15.6474057351887	5.02961437350893	2.94344912016961	44.97845	0.190064522942489	3
0.438771472190397	15.0756054507195	5.04756582358433	2.94629758523183	44.9812666666667	0.197094734742653	3
0.517765778385976	15.8728475124464	5.29380896269028	2.95727390169693	44.9744333333333	0.189841447374495	3
0.515860899572817	16.3625913842871	5.07578502833547	2.94601590217738	44.9863333333333	0.198750645807855	3
0.53138038136948	16.0187937476455	4.99634025138971	2.92902914491734	44.9659166666666	0.182148597529382	3
0.613831054760699	16.9007250125629	5.12286328498037	2.94940109139586	44.9446166666667	0.173866897431911	3
0.472790752862981	15.5206602816411	5.05400337007988	2.93935215458753	44.9340166666667	0.189340648233405	3
0.508111495442684	15.8314207732131	5.28661773097492	2.95683658283955	44.9477666666667	0.191813147661518	3
0.562637506320693	16.4749607280209	5.10248979687755	2.94525233715292	44.9540166666667	0.179483202714062	3
0.574787668994318	16.5404444820736	5.08339029500506	2.94367539136869	44.9001	0.182171710765941	3
0.559508388525089	16.4069616275905	5.04065013519889	2.92287748680451	44.88435	0.194172108262537	3
0.483335022637388	15.6831564835012	5.3940443106763	2.95554708745677	44.8895833333333	0.183657131880021	3
0.573565176140481	16.7124190709139	5.38933986392011	2.94283745048276	44.8956833333333	0.187424876852772	3
0.568939863404503	16.5872404933855	5.33141458862167	2.94310837905811	44.9183166666667	0.198260186150495	3
0.513202289779055	15.9219435533883	5.31811621772059	2.9442528728518	44.9378333333333	0.1866961790633	3
0.579811254241163	16.8960226596726	5.45853931418107	2.94984554956261	44.9367833333333	0.190419705189074	3
0.555836471280657	16.5953234723892	5.14930652052604	2.93137291973532	44.9135666666667	0.185060536743755	3
0.501728200698358	16.0350839313726	5.49426647227267	2.95041500669258	44.9124833333333	0.19173688642465	3
0.528008730682865	16.3895352301767	5.11619938464646	2.93130151154072	44.8951666666667	0.187976212583335	3
0.553112906364434	16.7016540610987	5.33858374437259	2.94108585560107	44.8987333333333	0.179085328271915	3
0.468456222275808	15.7007811284613	5.41443802469211	2.9496077480986	44.8797666666666	0.179701764859963	3
0.56080367346001	16.301364948877	5.19430375939335	2.93629979877783	44.8517833333333	0.184703618903795	3
0.660565887675547	17.480112636799	5.21593801076791	2.89940330168865	44.8405	0.184805578094698	3
0.507450099930313	16.0914674799369	5.26035861219029	2.90459305756371	44.8458666666667	0.188069088158857	3
0.508179223904091	16.0796767312848	5.19413735786154	2.91179413340346	44.83665	0.195246808172874	3
0.563524857361374	16.7662709489531	5.2783731115844	2.90189962559307	44.85515	0.19405091285449	3
0.440882401284011	15.4153169808929	5.22186818082206	2.9030580949624	44.8424	0.189540049879899	3
0.573788710394444	16.4612938051076	5.20719041153355	2.91413144130522	44.8417166666667	0.190503444665388	3
0.55252544077047	16.3667348301633	5.22197654721958	2.91234866141592	44.84015	0.193995354216608	3
0.638755961172917	17.2875254551883	5.26249855222838	2.90203847703516	44.8273	0.187598859813672	3
0.513238256883789	16.2012169555923	5.25850757243411	2.9068632423637	44.7914	0.17640171796696	3
0.535059614212376	16.0740636445257	5.27037171303405	2.90418752339073	44.7942333333333	0.193534770376366	3
0.553221910039802	16.6370482648065	5.13755165440917	2.94331681047982	44.8071833333333	0.19939769405758	3
0.440356334584035	15.3384422481382	4.93526485515787	2.98412025329804	44.8344166666667	0.195778177110648	3
0.387194930245025	14.5372073849028	4.96064691287466	2.9683996706052	44.8389	0.189796206495282	3
0.442670853438843	15.1106907056758	4.93682210861538	2.98817167776248	44.8181166666666	0.191772383765602	3
0.516731306227902	15.8337752912573	5.00095515344944	2.97913429660985	44.8138833333333	0.191230634705106	3
0.429875152102195	15.0603985857715	4.94734808760949	2.97371958837851	44.81905	0.197520084797231	3
0.495385339858482	15.6218350793383	4.98207498511468	2.9781494575257	44.8395333333333	0.192717274842186	3
0.444599081151638	15.2214147029373	4.99611548568248	2.97839062517396	44.8277166666666	0.191778747136139	3
0.447196902070284	15.2506095947406	4.95426579738824	2.98009236260892	44.8078833333333	0.183921694065769	3
0.487104646807302	15.610276809014	4.94409610502589	2.99135943567657	44.80395	0.189292207527168	3
0.451364211690711	15.1803599644052	4.96124900390986	2.97961327581471	44.7987666666667	0.18948926597806	3
0.410827232391938	14.9465712841173	5.31398968996546	3.00207314103589	44.7907166666666	0.18365489852278	3
0.443369426135856	15.1408243733394	5.11946299950323	2.99270733962689	44.7843666666666	0.180304353488776	3
0.440393745102358	15.467258177484	5.06548627635999	2.98850118992285	44.7670333333333	0.170910122744375	3
0.490433343507201	15.7115615839837	5.28472542522222	3.00105204230087	44.7565166666667	0.180543294180222	3
0.399312088819721	14.8572135624479	4.93584376010109	2.97265105750968	44.73945	0.178872876457565	3
0.527137872251892	16.1543692292349	5.27402629906993	3.00127495773887	44.73115	0.172212405801279	3
0.466618239380619	15.5303400239783	5.03450411836938	2.98795875851053	44.7371833333333	0.168493372767793	3
0.412854348301204	14.9718210377751	4.95623057355465	2.97882253986855	44.69895	0.181954587834158	3
0.508528294019429	15.985725792175	4.95682797965071	2.98067895789096	44.7006833333333	0.185753754590944	3
0.403363340355029	15.0256049923142	5.08736880522199	2.99458219832152	44.7229166666666	0.180040324265376	3
0.450634013246833	15.4744639027937	5.32132012990181	2.98608909902019	44.7150666666667	0.180065135735224	3
0.472232227780273	15.6896445258348	5.34247399210883	2.99498570618559	44.7073666666667	0.175817988191628	3
0.464977285518811	15.7134776232867	5.36660143588985	2.99500188017626	44.6859333333333	0.185491638686489	3
0.469590734747886	15.6054332601807	5.02720836096736	2.96987218542672	44.6663166666667	0.183974988320923	3
0.483667156714211	15.7558600475086	5.11796842647085	2.97772485883656	44.6537	0.183460640955114	3
0.439397102992909	15.6442180549719	5.40686929441357	2.9952576365656	44.6531833333333	0.18780620119964	3
0.482182028186091	15.8307388934932	5.15233843613779	2.98052547340536	44.6340666666667	0.178736418629872	3
0.478261538958874	15.8841811867379	5.16045364822401	2.97947436792338	44.62165	0.185642888911452	3
0.414631867643441	15.1489070749797	5.28665694753045	2.98757756278496	44.6323	0.203522646888769	3
0.43075911472729	15.5918285611352	5.20881787869463	2.98281154535311	44.6294833333333	0.19200639922834	3
0.46446599147077	15.8259082267945	5.13140966799773	2.95604709243217	44.5952	0.186322374176169	3
0.370353086351728	14.6790120364063	5.12727819538349	2.95802308320216	44.5889833333333	0.190077191426445	3
0.448079201771103	15.6563805759435	5.14162497914391	2.94576657496611	44.5789333333333	0.179734254553458	3
0.547988072065715	16.6780646584101	5.13001204455085	2.93849594633224	44.5658666666667	0.187110722832419	3
0.445286561496046	15.5811568705299	5.11279368419496	2.95654320189361	44.5747833333333	0.188916275210867	3
0.400704083202948	15.1896370249183	5.1793274804802	2.95121817580504	44.5658666666667	0.187679989692758	3
0.412210099698055	15.1684899245511	5.09587871774532	2.95089595587578	44.53805	0.169056246281466	3
0.477343639348208	16.0411956834417	5.12277797056059	2.94383982688134	44.5261	0.188045225357256	3
0.477096966745248	16.2976036372774	5.15653427472431	2.9434010763669	44.49915	0.169751146372905	3
0.448915360014744	15.47576977515	5.19627568816998	2.94452945125438	44.46205	0.188021764427168	3
0.369821564832428	14.8106146584286	5.03266887592381	3.02285057847854	44.4726833333334	0.196522952613569	3
0.304212486480873	13.8580239155417	4.80598221880236	3.07070124295652	44.5306166666667	0.204503706125853	3
0.31732742560684	14.2001236151679	4.79867561884287	3.06975239247659	44.5748166666667	0.19886444507283	3
0.280844757868418	13.8159653131784	4.81728054770236	3.07070775449566	44.5700333333333	0.195559862668713	3
0.328911896447994	14.2857346096747	4.85191802653342	3.06775279781158	44.5936166666667	0.203173307641169	3
0.319944240901218	14.1908804174459	4.83016880865364	3.06700062639988	44.61295	0.209618735820011	3
0.4051506005564	14.9666899950382	4.80396789006276	3.05672607678729	44.6107666666667	0.193929689046792	3
0.366024907455392	14.3906622140579	4.84703678234571	3.06745550051422	44.6193	0.195048477242393	3
0.434742491591815	15.3163975031716	4.80251554461693	3.06462082156268	44.6093666666667	0.199270446214343	3
0.421629457976238	15.0375484220093	4.80356178697604	3.07446455945105	44.6168833333333	0.207658707259207	3
0.222512100614436	13.2198022515036	4.83807914694678	3.06258901668683	44.6251166666666	0.20116812192004	3
0.349553382076265	14.5644262031639	4.85131060055192	3.05941480746522	44.6188166666667	0.191909714971819	3
0.31788479609639	14.3692826238207	4.93626601429139	3.0721663009568	44.6379833333333	0.202294590665271	3
0.337684715749127	14.4531430611776	4.84820837924407	3.06299703403123	44.6307666666667	0.197191498309764	3
0.387669332083108	14.8567200944973	4.80318503997296	3.04949151611248	44.6394166666666	0.20494573830582	3
0.38878787973536	14.8634424315726	4.89504823105467	3.06751391265594	44.6315666666667	0.182821425019957	3
0.3955720529352	15.0690425655573	4.87336647762408	3.05911504069729	44.6403666666667	0.201870907455324	3
0.33041461097683	14.385049912747	4.7773576802988	3.04522864555412	44.6425	0.188274277026445	3
0.427782018268757	15.6398562803958	4.92965006450776	3.06856371509183	44.6093166666667	0.193782027788403	3
0.372114013031606	14.7009174039699	4.92508323650926	3.06930067591748	44.6155166666667	0.18802898186875	3
0.38485841023873	15.0092823134769	5.09858227382709	3.07921411436979	44.6186	0.197436039847107	3
0.316781461034214	14.4681560224746	5.12871775101554	3.06657996999663	44.6209666666667	0.201618112472159	3
0.297602249383271	14.1017489526263	5.21203804668058	3.07326792616028	44.6105666666666	0.196303152505546	3
0.441705815961483	15.5744210826021	5.04254333384274	3.06443279546456	44.60135	0.199932685705863	3
0.354158394843477	14.5345187068616	4.91339246554604	3.040395699322	44.5999833333333	0.194773096292964	3
0.422975679674587	15.3577531007002	5.04358594602408	3.06431507418702	44.574	0.193095392250759	3
0.346992656994279	14.5994052728066	5.04359109263967	3.06213332468736	44.5631333333333	0.185397737051871	3
0.450864851761456	15.6436693737236	4.98715187969879	3.05734882250605	44.5637666666667	0.195018153580605	3
0.398628364811304	15.0780436034876	4.88589124734363	3.04480422292202	44.5910166666667	0.205941203693022	3
0.379267398413918	14.8960720389222	5.00730027804375	3.05808786453932	44.5967666666666	0.19681044538446	3
0.394943809781019	15.0145286297307	5.22690018859162	3.06946986995109	44.58555	0.191399522252915	3
0.317599766056999	14.2964723006286	5.04238172676561	3.02763957062114	44.6101333333333	0.198077152120305	3
0.308185814408865	14.3255446224624	5.0050545743403	3.03706806621777	44.5908833333333	0.200283450975021	3
0.348914944501347	14.5236426443239	4.99749374498141	3.03827323860823	44.6110666666667	0.210953835954587	3
0.393699903266076	15.3477444283959	5.03165022215583	3.02075614763832	44.6015	0.195685193398106	3
0.325089549286054	14.6504648909188	4.98603990797147	3.02739954735431	44.5761	0.180445090009329	3
0.364465773963069	14.7655195003793	4.98776140211114	3.03684238326015	44.54475	0.175663644792242	3
0.417718782219732	15.6672856226922	4.98115619115488	3.03859968398626	44.51795	0.195099750670944	3
0.398665727584214	15.1290378789424	5.02031075192515	3.03154728305055	44.5220833333333	0.181428632993958	3
0.395526574161491	15.1577774714996	4.98247736114801	3.03948686906209	44.5246166666667	0.187516967970465	3
0.341631962603662	14.6215463954822	4.99642241080213	3.02497330979685	44.5277	0.194152683233531	3
0.202203038534952	14.515643079369	4.99250820424048	3.00494288790233	44.4923	0.21887557799825	2
0.20496172781053	14.4838099938417	5.00301992872555	3.00453850252872	44.4758166666667	0.218733061652525	2
0.187533088495035	14.2501566413066	5.0037286124411	3.00450741484056	44.4779833333333	0.215266369614499	2
0.200700398808725	14.1487530275363	4.97592918475916	3.00916164897245	44.4756333333333	0.208906756157769	2
0.246633119967571	14.8021253512816	4.85132196826079	2.98750038727956	44.4369166666667	0.202262481894001	2
0.185927892230468	14.0028739240004	4.93364897207953	3.00951250326379	44.4255166666667	0.208033854127825	2
0.247856879207473	14.5917431854616	4.94718398133124	3.00667297377699	44.44235	0.211539299950928	2
0.275260183258691	14.895607291245	4.92639231626058	3.00505147020033	44.4057	0.2003333916166	2
0.239992434001954	14.6250656893082	4.97434904244347	3.00737248966739	44.4059	0.209236278735269	2
0.224850664072651	14.5172416825398	4.91758861779698	3.00059813712167	44.4072166666667	0.198490497716177	2
0.369733855687953	15.6988588177378	5.1950595731236	2.89868081461925	44.38495	0.186513999565444	2
0.362418971610016	15.281700906178	4.97497431279274	2.93573819485039	44.2758	0.17990862087295	2
0.312529480068674	14.7236907497424	5.02409536162877	2.93420384709653	44.23455	0.198725892898924	2
0.321130756053234	14.7941631922467	5.03554805423642	2.93029923403718	44.1976833333333	0.188970134100394	2
0.333735904935438	14.9043695657549	5.03986801831693	2.93786402482646	44.1647	0.199828341587711	2
0.300069634202564	14.402656201315	5.04074535611044	2.94322527560128	44.1479	0.182899778057709	2
0.379657119796811	15.2834366125338	5.02185399396411	2.93306555972188	44.111	0.189624606856346	2
0.325380089319663	14.7955049148974	5.02450284506632	2.93326357802235	44.0941	0.201809080778704	2
0.320053069603252	14.9183324828632	5.02496857091396	2.94067658820676	44.1003833333333	0.207726359414207	2
0.428800141844066	15.7948564930844	5.03510114679014	2.9266806748823	44.1043	0.188454580240331	2
0.24651749969653	14.2476011524312	5.03932234698534	2.92414219603401	44.0979166666667	0.19292690208476	2
0.315533734193157	14.9066502455573	5.08597518931163	2.93147693384486	44.0911833333333	0.190310940186848	2
0.241936891682699	14.2657113088512	5.21035951939038	2.94163982537392	44.1139833333333	0.198256424579396	2
0.382332775004116	15.5185553016983	5.08752538220429	2.90936526129612	44.1035833333333	0.191037958040881	2
0.301556580423094	14.5816714586264	5.01720915805887	2.91026581285967	44.0745166666667	0.189474696818502	2
0.366620706355907	15.2788247617925	4.99343989776218	2.93002877709216	44.0802	0.193669454553676	2
0.416859449047505	15.8666502831282	5.34336897053795	2.94866090122574	44.0988166666667	0.19980884862463	2
0.326379908781799	15.0806550897911	4.98648267886957	2.92157480768799	44.11765	0.192697692896042	2
0.402852511335743	15.6552187750724	5.0099079453674	2.92648359863223	44.1238666666667	0.200787472317244	2
0.269846064803455	14.4588538565216	5.05657388423001	2.93645869506901	44.1558833333333	0.203541116628047	2
0.420387447003286	16.0564930864164	5.27236516731062	2.94606825093467	44.1518666666667	0.194405174188889	2
0.276228279092932	14.7305114571296	5.4260448655299	2.93568956899933	44.1678166666667	0.200581061990853	2
0.365442326365189	15.5633746566157	5.08896767501793	2.91985203908525	44.18145	0.20079109854333	2
0.335428450892035	15.0310440141258	5.0717042658474	2.90666522788917	44.152	0.192420179356866	2
0.36109681537107	15.3398150440817	5.13567306747602	2.92281892217994	44.1293333333333	0.179461592762452	2
0.404948716807183	15.881321861592	5.27486122968255	2.93160034994686	44.1166166666667	0.197150298999216	2
0.25163511173815	14.5747652334925	5.05640699407894	2.91638453372833	44.1514166666667	0.196067810101996	2
0.423974783019076	16.1537596894202	5.037594568511	2.91087711511428	44.12645	0.184860866141292	2
0.381607906181823	15.8133875858396	5.07076904208253	2.91751392672415	44.1083333333333	0.200367938389512	2
0.35847257581957	15.4889626675692	5.08360421461182	2.91206438731306	44.1071166666667	0.179546801572187	2
0.337001497917865	15.0322466313019	5.46077893340727	2.93789802106327	44.1200166666667	0.192629836616248	2
0.391336294827381	15.9841859842572	5.15292508454243	2.90001617031356	44.1199333333333	0.189761837054398	2
0.385110625101012	15.7143137341167	5.22033004356808	2.90416196767467	44.13135	0.194376781151575	2
0.369100820932287	15.5231567373723	5.24255513699968	2.8981905833614	44.1401666666667	0.18536250938905	2
0.341402796519648	15.2106053299355	5.19835131477595	2.89987284899807	44.1345166666667	0.185679100953967	2
0.400529645045103	16.0921603602357	5.2125928648185	2.90337886688884	44.1261333333333	0.186315885097187	2
0.359548864987077	15.2843968363012	5.16401907098261	2.88696546231331	44.1087	0.183039803025258	2
0.385650761359221	15.657962275438	5.18360871751034	2.8957642291354	44.1077166666667	0.186278731526734	2
0.425153405914889	16.2985882656918	5.19325175225047	2.89603547559444	44.11475	0.18899427172738	2
0.375140137952235	15.6545235156371	5.19642334691501	2.89866875378524	44.1246666666667	0.194387405139418	2
0.351675160095587	15.4032550750363	5.2187847734722	2.89679719805627	44.1252333333334	0.187039773407043	2
0.302146603764193	15.004514473238	5.13121344741124	2.93503472543707	44.1116666666667	0.189954291260717	2
0.282558014892892	14.2800405221811	4.96580454607048	2.97390522856923	44.11205	0.189674871239342	2
0.277744771395372	14.3735911343276	4.96341682273372	2.97152479848347	44.1170333333333	0.200491258245262	2
0.292449171222861	14.6437743462899	4.97318489678923	2.96087405018473	44.1104833333333	0.196984598181949	2
0.271462094908758	14.1124118604549	4.97046339955135	2.96239966307265	44.1032833333333	0.19507504785027	2
0.308646462955074	14.4837982979979	4.97287715020472	2.96850607774543	44.1106666666667	0.193885486617498	2
0.275874734044186	14.2189345207535	4.97277956847029	2.96723382943241	44.1500333333333	0.201797092810245	2
0.256230605890853	14.1411082685004	4.95810865476899	2.96723594860033	44.1419666666667	0.190435715090214	2
0.360657555978818	15.0203485970844	4.91478399789513	2.97275529236953	44.1132833333333	0.190479421164087	2
0.328734313021186	14.8525846672503	4.96649031132915	2.98318261189732	44.0838333333333	0.193158858540758	2
0.288239502086656	14.4982009747669	4.95072943812574	2.9744232526859	44.0765833333333	0.183993578707654	2
0.388581315416141	15.3132683743912	4.95732768254474	2.97246036355769	44.0504666666667	0.202641745048147	2
0.331723706017503	15.1637712173678	4.92479862869988	2.9607984667651	44.0827333333333	0.192462883647525	2
0.330543021684416	15.0755957241221	4.92189193427713	2.96570350869359	44.0906166666667	0.190240622982496	2
0.243955005819362	14.2266189905727	5.08168638846486	2.97959829444514	44.0533666666667	0.188417762186437	2
0.321595988760068	14.8938466410222	4.95152257255933	2.96650037795728	44.0517	0.199743674726436	2
0.315620963232836	14.8381290704663	4.94431791079633	2.95485622694666	44.0330333333333	0.189543158778015	2
0.30353853342367	14.7990691880369	4.95488552879496	2.95681114088242	44.0404	0.206927990422607	2
0.365676628307913	15.4358190750792	5.06396797427561	2.97714896167831	44.0496333333333	0.196282394857698	2
0.337836672452114	15.0998916281946	5.04339128374502	2.97641772326045	44.0565166666667	0.208836444938289	2
0.347239064578529	15.080165835752	4.94321438123216	2.96229043841262	44.05885	0.184754332992009	2
0.31929816864218	15.0997190209694	4.96410215215526	2.95196089784987	44.0505166666667	0.196681493504106	2
0.297610782986804	14.7797181938844	5.00624006139537	2.95423784155476	44.0649333333333	0.205215295516987	2
0.386618050281317	15.5283776503363	5.03290649879955	2.96062213702812	44.09125	0.185805313182319	2
0.461026390113452	16.0389482760232	5.00147247482393	2.9554916281623	44.0947166666667	0.196475305013698	2
0.228194395760025	14.2309243041694	5.07513772159388	2.96604203424424	44.0879833333333	0.181859369365421	2
0.307921579499123	14.7937035711679	5.19617699794962	2.97346414453809	44.0532833333333	0.18786526831628	2
0.284084638244797	14.6330603061514	5.01352405434727	2.96091080344779	44.0771333333333	0.185807396786471	2
0.330843640834387	15.1435007595928	4.98707388962327	2.95423802652949	44.0620166666667	0.191883659284904	2
0.310516737199553	14.9509619598068	4.99940979335845	2.95662379988064	44.0768666666667	0.195197550230066	2
0.333442717802597	14.9588868373217	5.10873423016399	2.96403863307501	44.09115	0.191959284613046	2
0.381566109592823	15.724259619341	5.14916374325534	2.93765993148498	44.0976166666667	0.196706620714119	2
0.297355921548836	15.0146656878085	5.14382373314044	2.94544192790903	44.08115	0.193489528030917	2
0.286841809566674	14.6145158614039	5.11893474444422	2.94483101145777	44.08215	0.193066584193649	2
0.320009881212654	14.9427899646253	5.12842154105702	2.93981098029936	44.0818833333333	0.191089036986681	2
0.403191283409054	15.7797432551164	5.13173185779722	2.93548401688671	44.0906333333333	0.185317040904816	2
0.388366859655759	15.7983035219498	5.1424318061132	2.94275792705175	44.1027333333333	0.188483049336023	2
0.267898389981209	14.4313615362496	5.15882913313218	2.95118364520239	44.0812666666667	0.194101918594999	2
0.359839968216888	15.4423948234869	5.14110474429722	2.94410581688255	44.10285	0.201705677928199	2
0.300466585972277	15.0259802324618	5.11722929716912	2.946653663738	44.1327833333334	0.200078382239431	2
0.333674939125908	15.1582164182005	5.1285009869666	2.9398204864387	44.1325	0.190050171787899	2
0.222828440677537	14.1320509504393	4.992996711465	3.01357834157496	44.1309833333333	0.200117972974304	2
0.224548182525117	13.9297694911625	4.82128188130038	3.0647942400026	44.1817833333333	0.203581749012708	2
0.298409512307223	14.5657385520474	4.79015775375706	3.06070744428051	44.2085166666667	0.219137329565365	2
0.259786091808526	14.2731924750008	4.82095330320164	3.05432806382457	44.2416666666667	0.214126262978587	2
0.246700364162386	14.1614952705297	4.82552449986123	3.06477234588216	44.2576	0.210480660571408	2
0.246128897283886	14.2145893444831	4.79237935880445	3.04963411792479	44.2941666666667	0.192926276133136	2
0.261447747730128	14.3052811874708	4.80458807107253	3.05969942987856	44.2801166666667	0.19111147617996	2
0.223611372887819	13.9510785477833	4.79802686053887	3.05710389855057	44.2938333333334	0.20834425282118	2
0.232876706736633	13.9449782846948	4.84617044018889	3.04450331939979	44.3176	0.203867870137931	2
0.224539045045223	13.9692566114055	4.80956735274586	3.05350538496359	44.3349333333333	0.198653677579397	2
0.195317102850549	13.7364417887432	4.82631797583224	3.04326301420229	44.3212	0.186253135566826	2
0.280115047392868	14.6937996092381	4.9269258989884	3.05627347553372	44.3404666666667	0.20606642558023	2
0.204338903806065	14.057459943415	5.10261256925911	3.06749699242772	44.34525	0.187193512219172	2
0.29669701740144	14.730731034206	4.87279196057224	3.0500535313346	44.3471166666667	0.18985383241751	2
0.231780896024702	14.1091393069787	4.89162488663985	3.05258630795288	44.33975	0.19424714512659	2
0.198565040180846	13.9998499116473	4.92528710002841	3.06038446429738	44.3469666666667	0.19143826430353	2
0.175931182695117	13.6411134697505	4.8167519817536	3.04400428813197	44.3367	0.198933964002878	2
0.27260476323403	14.5159774034438	4.8418549379962	3.05337109569298	44.3354833333333	0.198188362009877	2
0.259194259895068	14.378635009734	4.80110463117723	3.04825554443006	44.31015	0.184941843813725	2
0.245229814426762	14.3724957505778	4.84076328732068	3.03677743202807	44.2900333333333	0.190852766631959	2
0.265891244073258	14.6293665837106	5.02292802057566	3.06240042252975	44.3226	0.189211136662957	2
0.28914975803094	14.8086788459028	4.87461267290862	3.03117420963188	44.30785	0.188335782444953	2
0.224622467597277	14.3628124922866	4.88658913219064	3.03044999043538	44.29885	0.203382483871553	2
0.279287062909287	14.8263056206711	4.93684537536957	3.04259855922695	44.3203833333333	0.204902795612255	2
0.219141350149093	13.9663414746118	4.95239135366747	3.04098291170505	44.3187833333334	0.187142118719625	2
0.314682804480177	15.118100891184	5.13040563489164	3.05342693224184	44.3454666666667	0.191097407646047	2
0.290903234113921	14.9106720012458	4.87893418632809	3.03094967307297	44.3451833333333	0.197943708114002	2
0.289877986064498	14.852455041041	5.17901259318841	3.05212733902299	44.3784	0.196403700472578	2
0.265796382869782	14.5560166624566	4.888551778192	3.0263915324762	44.3849166666667	0.184775566260817	2
0.28481087780415	15.002838649252	5.01242608693026	3.04510532350678	44.3747	0.192087312421254	2
0.289315693392496	14.8950054060776	4.8790169725813	3.03523111345342	44.3766166666667	0.197601301346386	2
0.275107692853212	14.8796192427873	4.98067919415062	3.02705665551971	44.3823833333333	0.184941776606757	2
0.177058565650317	13.8661134049581	5.00721646877165	3.02992557256232	44.3895333333333	0.194792933664571	2
0.275198983683249	14.7381459425679	5.00014941812937	3.02623226385775	44.38625	0.201980669070003	2
0.255647841794089	14.6493121310022	4.9676741681539	3.0215593926946	44.3747333333333	0.194232157670779	2
0.207604395418593	14.1295516555814	5.01496960874867	3.00773605120392	44.37705	0.201659086797832	2
0.249538905063039	14.7005795697014	5.0012831914446	3.01584921419492	44.3928166666667	0.193127558765709	2
0.292700792797844	15.1059366042148	4.99845382008511	3.02644180449289	44.39585	0.190995148132537	2
0.29423415741484	14.8873358400108	4.99933610765792	3.02603272618161	44.36345	0.180719224587739	2
0.288911036424932	14.7848358295332	4.99248470918556	3.02287042324263	44.36505	0.196343388661769	2
0.244981975383234	14.3604847495667	4.99530947636157	3.01862267775959	44.35065	0.192015697186719	2
-0.0532463447181807	13.0224098268879	4.90942097844685	2.98758721403515	44.31895	0.211173510874151	1
-0.0212412276758979	13.0343964608086	4.96333893937023	2.99800812772058	44.3170166666667	0.208335899871196	1
0.0504441931826935	13.6230442416849	4.92132029959857	2.99470470415655	44.33415	0.224560197282132	1
0.0740755615980763	13.9965049122506	4.98049829481474	2.99342158101915	44.3271166666667	0.202407048486055	1
0.0895001658861361	14.1645449460652	4.96301449548114	2.99955180099188	44.3391333333333	0.217627458594873	1
0.0337772264409423	13.4664126220105	4.97386045127823	3.00628178456976	44.3311166666667	0.219163130301645	1
0.0410695779780129	13.4340892958377	4.97937158055537	3.00167561794205	44.3107833333333	0.189586623613343	1
0.0310287590794696	13.5192195945035	4.96383789889732	2.99878427831816	44.3056833333334	0.205455879355111	1
0.115937680915705	14.1227160152096	4.98148270480922	2.99314860819694	44.30995	0.210529149718884	1
-0.00319562883627861	13.0102447648488	4.9737695277586	3.00293147817844	44.2993	0.204495766812098	1
0.209915782178628	14.915494110599	5.16696014087648	2.88789677178242	44.2825333333333	0.187125396791279	1
0.199842225249092	14.4973676988982	4.97946588522955	2.92617487308409	44.1638166666667	0.181212254203313	1
0.159882583091271	14.2278579974365	5.00293639600042	2.92603104656303	44.1071166666667	0.187647080542592	1
0.0594134083118602	13.2724382543403	5.03134970387365	2.92782009000946	44.0689333333333	0.183906651584914	1
0.122005574525411	13.8040868676663	5.03240897662393	2.93428378943234	44.0520333333333	0.194119128779705	1
0.187154548449865	14.2937959395593	5.00207950356742	2.92152322272873	44.03415	0.197330044874493	1
0.131805245050098	13.8919396794304	5.00032714462016	2.92257337150845	44.0120333333334	0.204590037919296	1
0.171435668874198	14.2095451730494	5.0022695668041	2.92066098782425	44.01575	0.204283918827511	1
0.105578112843077	13.8397038291754	4.99774062792545	2.91361021270192	44.02535	0.20079932009136	1
0.116254029541397	13.8825422288811	5.00112172188754	2.91392170054672	44.0184333333333	0.212060062379736	1
0.151955801557836	14.145346586788	4.97611096680651	2.91967947734291	44.0435833333333	0.199502796519771	1
0.295390873047365	15.4817256456953	4.86473140930641	2.9023566775262	44.0453833333333	0.203007814132535	1
0.153915674044616	14.1414050896671	4.89921248680034	2.89813876372755	44.0611666666667	0.203880670205921	1
0.225836194105268	14.9978943757121	5.01568978029221	2.91573801842607	44.0575333333333	0.187671861725768	1
0.225368150906147	14.6576021290342	4.88881671359435	2.90239073764695	44.03485	0.204328069949998	1
0.255063744663902	15.1494950354774	5.1079652048642	2.92038770917643	44.0224166666667	0.197940265913877	1
0.21699741863674	14.9396005982363	4.91043542001212	2.90708216101191	44.0413666666667	0.200224362853839	1
0.159461625632189	14.153575294982	5.08041237294561	2.90658466869326	44.0691833333333	0.184350209431707	1
0.154992673877183	14.2620894318908	5.28814240552212	2.92681413316694	44.0476166666667	0.190527465137579	1
0.186024085923609	14.6083113618198	4.99395734609519	2.8892241888125	44.04795	0.196407775830743	1
0.106076967776549	13.8668643434213	4.90069140680134	2.89210839376155	44.0755333333334	0.202345774429263	1
0.18545726198518	14.5336276117542	5.02226835858899	2.882813172518	44.10905	0.185030132681139	1
0.185143454279232	14.7201965974787	5.03188078726857	2.90355146717128	44.0809833333333	0.182818748034134	1
0.119127480347689	13.8335722685389	5.04235336022813	2.89993468643278	44.049	0.205556046215122	1
0.161842973264886	14.4312807149582	5.01501491274182	2.89950016540999	44.0489166666667	0.190330247484062	1
0.136373601318894	14.1254440299611	4.97077277501637	2.88335045122363	44.00475	0.199951911591644	1
0.147211456813669	14.1784079810455	5.39196299901448	2.91431923445072	44.00265	0.199920138716455	1
0.146733889288478	14.2711094101027	4.93907745845015	2.89005925835733	44.0271666666667	0.205194588644631	1
0.169852652979322	14.2771467645311	5.00882471586855	2.87827462423406	44.0388333333334	0.205299712010058	1
0.152524999197414	14.1122942025602	4.97634881470991	2.89637656654355	44.0197	0.199925180920517	1
0.180245519457366	14.6066577346074	4.94894868367036	2.88186240190316	44.0327833333333	0.198788371557962	1
0.272682921488174	15.4407544098253	5.16855834201095	2.89244923376797	44.0468833333333	0.187895489492833	1
0.178417339040733	14.6408272934327	5.18288964908287	2.88504789730163	44.0472333333333	0.194947221598666	1
0.17713186311842	14.5157440509677	5.19441757147922	2.88405871473694	44.0600166666667	0.209479782744137	1
0.249692972752216	15.3338230685421	5.19156600500503	2.8823556766042	44.07615	0.196502712708234	1
0.218841577995967	14.7880983515204	5.21538048248119	2.88825419388218	44.0662	0.196247146152196	1
0.314055509635582	16.0087449033783	5.16956298375069	2.87651898349978	44.08045	0.202920993642888	1
0.167010536571789	14.4406043527068	5.14171903800916	2.87005371266431	44.06515	0.176387076758638	1
0.200580035144376	14.8746534914817	5.17119018591177	2.87241865114889	44.0625166666667	0.203245738518643	1
0.195126263558203	14.7058906286583	5.19910144216922	2.88984298750259	44.0773	0.192540138892506	1
0.205186126824001	14.7473838343599	5.20744491186776	2.87633725860499	44.0725	0.187312527746671	1
0.0972387947097214	13.6561838812781	5.11562609101215	2.92390072362864	44.0805	0.193228020216039	1
0.167684428449899	13.9148058998234	4.94156992304733	2.9608622615296	44.09455	0.19671621347532	1
0.131488176493731	13.6604493332328	4.96135874633816	2.96493797583822	44.0878833333333	0.195719281128993	1
0.123718413718485	13.5477806769185	4.97190565754403	2.96735505008293	44.0728333333333	0.184786286697397	1
0.199089891519461	14.2721472305311	4.89333442680044	2.94096432928029	44.0922166666667	0.205201603362641	1
0.12538584874985	13.6414673019471	4.94819621467506	2.95757032444493	44.0920333333334	0.190587047300886	1
0.0793631457241372	13.3715990004485	4.95480314334981	2.96250759414038	44.0766	0.188926781620709	1
0.196265751674137	14.4183300901758	4.95026888377105	2.9642395367154	44.0538	0.191765729251225	1
0.167951069382255	14.1016175673423	4.95538416961099	2.96703005034346	44.03925	0.197680844043359	1
0.0881757955894765	13.3984234969658	4.92561950062717	2.95717963606795	44.0518	0.201962557362178	1
0.120701969638275	13.6065760151384	4.94219135930629	2.96693362339684	44.0597333333334	0.197632329979453	1
0.227258083609181	14.9485878926247	4.9387681720896	2.9562111359457	44.07225	0.191197353449522	1
0.115808249840809	13.8867515414007	4.95404604210614	2.95436583741605	44.07685	0.196094220262452	1
0.107044412864803	13.7153520247517	4.99641778278071	2.93517411554908	44.0755166666667	0.192318634938564	1
0.121063076133634	13.6624712016015	4.86786582405822	2.94080446668687	44.0850166666667	0.195565714965728	1
0.100187598487826	13.5417861230587	4.98406089293655	2.93296433586126	44.075	0.194622276495972	1
0.129578856264731	13.916303592948	4.96038137706438	2.92948292568564	44.0548666666667	0.19402109501478	1
0.208103443335756	14.5629674437662	4.87530981148777	2.94498183563883	44.0494666666667	0.207269616165299	1
0.0808574970767371	13.4581764992856	4.86367704399008	2.93510691273405	44.0934	0.197512514085409	1
0.0874380530288589	13.4260989410069	4.9805959769989	2.95469085576548	44.0851166666667	0.183359061625614	1
0.11053728109	13.7511976448571	4.85379523770394	2.93696375114975	44.07445	0.207456707756631	1
0.0671349826541672	13.4640811799761	4.94803761888379	2.92253223800502	44.07485	0.195159285226631	1
0.0922986857418722	13.541129444822	4.92398520817773	2.91913871520263	44.0731333333333	0.192458445144256	1
0.145861796260918	14.3049965991459	4.94441824539263	2.93738721211193	44.0791166666667	0.203069253584614	1
0.221948513957363	14.9770363108223	4.99012617199801	2.93884657680393	44.0862833333333	0.1951960415397	1
0.13996878222554	13.9998379335702	4.90959020554425	2.92668327021177	44.1211666666667	0.197456467347046	1
0.124040610376221	13.9918905916193	4.97539423078067	2.93941052161055	44.1431	0.193921240346763	1
0.182900742821701	14.5090922743551	5.00526167734504	2.94315566869093	44.1392833333333	0.205070065882136	1
0.149944536939805	14.0822122636362	4.90857030182908	2.92795526001879	44.1617666666667	0.199316745337042	1
0.0600214899374111	13.4571150462013	4.92874933529281	2.93817920985729	44.1683166666667	0.197090402699264	1
0.142551832215629	14.1360654769145	5.0000747009449	2.94169104942168	44.1794	0.202300012148427	1
0.11548081250821	13.9576200752615	5.09794457382442	2.92376062157701	44.1695166666667	0.19017347046856	1
0.124519748978202	14.0883591596043	5.10778237936662	2.92107307666898	44.1631333333333	0.190198688857042	1
0.145688610987605	14.2813210604265	5.12872579708285	2.92939777237636	44.1589666666667	0.194898840920336	1
0.104130338221217	13.7576850113629	5.10213340634421	2.92470894262976	44.1606833333334	0.193614022085237	1
0.122234154556713	14.0532720377895	5.09728391983151	2.92279126826743	44.179	0.202602223622914	1
0.158048933644891	14.1324564454111	5.13221898907741	2.92956222057225	44.19945	0.209424993651908	1
0.156025370987428	14.3888316542261	5.12365157511252	2.91682275461393	44.2056666666667	0.204843608528073	1
0.135065035047566	14.2231779556523	5.04992719318152	2.91216828630205	44.2177333333333	0.211233252603963	1
0.196162856305601	14.6503586045708	5.06117222657861	2.9077485291393	44.2145	0.205618826217142	1
0.261723970315092	15.3127203325209	5.08551695688913	2.91414950231916	44.2297833333334	0.203376755806212	1
0.170101899943772	14.4755913769108	4.97121278990706	3.00230602837812	44.25795	0.194603066239539	1
0.144511270242629	13.8282672615894	4.80513182005301	3.03953851272516	44.2775833333333	0.210103549261857	1
0.0868784299098904	13.6029412469827	4.80065820318711	3.03607443202433	44.3292833333333	0.210428545114179	1
0.10895092031399	13.3177953209992	4.79888583100915	3.04389911687626	44.3825833333333	0.202447004295007	1
0.0476001156025213	13.0557381872224	4.79542197772976	3.04552498220355	44.38175	0.19531952309407	1
0.00745774586278398	12.632343884844	4.80997769523033	3.03501413604369	44.3794166666667	0.213637526988713	1
0.098406480078675	13.4530977385761	4.79400022643537	3.03609448956025	44.4149166666667	0.204492948091638	1
0.188210610067643	14.3158854809511	4.78504559795317	3.0353327056044	44.4307333333334	0.211192085967116	1
0.083034477153517	13.2667685411502	4.81329691005979	3.03068910189049	44.4703166666667	0.208475620788804	1
0.147830989236821	14.072095713144	4.81368254466266	3.04476053185075	44.5036833333333	0.202339913006507	1
0.12626703464251	13.8835962898119	4.8170556259742	3.04571902445308	44.5052	0.187096077919559	1
0.0979765181658232	13.6656825276332	4.94309817008137	3.03881622517956	44.5085166666667	0.199690819634574	1
0.151139179128245	14.1417048939256	4.84066202596568	3.00917131022608	44.4910333333333	0.200395707409173	1
-0.00545541571955963	12.4913084989113	4.86973648501107	3.02090603435139	44.52555	0.196641325811614	1
0.0894171321764713	13.5047641816311	4.77022532759494	3.01682955711696	44.5191666666667	0.188849520102483	1
0.091953770541204	13.5384074479356	4.75506922791954	3.02235896191839	44.4619166666667	0.183265325085056	1
0.136030394979471	14.1054765799732	4.88053152338569	3.0355100883161	44.4401	0.211078160477366	1
0.124340598610186	13.8231618596673	4.8652872801088	3.01603886126534	44.48055	0.202382958433775	1
0.0899861591615608	13.5546068590568	4.86877616244003	3.02203421516662	44.5017166666667	0.205385713336975	1
0.00492453944871058	12.6248532632536	4.86493416683376	3.02151726909745	44.5164833333333	0.196615040863576	1
0.110955448531913	13.8994247222409	4.74399082765785	3.02424688185958	44.5325166666667	0.203632727853623	1
0.123612490579799	13.9254974885176	4.92793329461149	3.01149627080795	44.5182666666667	0.193398759628878	1
0.097116909697071	13.8075649394701	4.91288752852993	3.00616213437679	44.5544166666666	0.194621256844723	1
0.173668318190213	14.4895763779711	4.90281404649114	3.0045103921354	44.5587333333333	0.192749936065119	1
0.0978855486792327	13.8429576044363	4.92647116459487	3.00446780218349	44.5799666666667	0.203855462810086	1
0.0732718462532449	13.5076699218749	4.83849921513719	3.01672463457358	44.58845	0.196173515809563	1
0.0480061481552096	13.2044854858024	4.9075140818682	3.00412991021688	44.59575	0.200305412993699	1
0.0738063725222423	13.5718593756821	4.85196564342917	3.00582117646879	44.61535	0.202941907443018	1
0.126334298848288	13.8710743927594	4.89037131396344	2.99961519679391	44.6453	0.210841598507071	1
0.0790050760938994	13.5310780466676	4.83338162934886	3.01557946767307	44.6448	0.204400802678447	1
0.107308175801292	13.949953908374	4.88943912360458	3.00137516176057	44.6658333333333	0.209899747390992	1
0.116461428214213	13.9901925169389	4.99313470004291	3.01351840699611	44.69555	0.198135668723072	1
0.108056839633449	13.7216222754942	4.96854259152094	3.00438245684728	44.6948166666666	0.185396642288234	1
0.129945647828997	14.1985449542347	4.97545777352411	3.00587596443669	44.691	0.195250382494905	1
0.0888268392110381	13.8290296894936	4.97867351400529	3.0046114737479	44.7173666666667	0.193036043588481	1
0.0953927627862468	13.9163593608503	4.98240757428282	2.99910765662315	44.7474	0.200385154563634	1
0.167221123016769	14.6071098578106	4.98505619685141	2.99650026967558	44.7510333333333	0.191043074978328	1
0.133985574394601	13.8974097184746	5.0093743032998	3.01544506785268	44.7667	0.21034034567089	1
0.148097618347964	14.1195940938978	5.00690718456936	3.01663701475218	44.7899166666667	0.18966753174666	1
0.133666486241663	14.1592218810912	4.99491733458883	3.01457901727488	44.7870666666667	0.210044052414731	1
0.123059955949614	14.1272702167781	4.98639013856559	2.99541182717077	44.8200166666666	0.200159723650268	1
0.0946611454552829	13.9816705432004	5.01473284201371	3.01530912279488	44.6655833333333	0.177630858105827	1
-0.0320967948899805	12.7696162875262	4.99038913368415	3.01292126441512	43.3274833333333	0.440954761185804	1
-0.133632367146321	12.0699602372332	4.93608790835855	3.0001400387344	41.8693666666667	0.304835991839717	1
-0.226011095606958	11.342561420963	4.82476501134905	2.98682065559183	40.8872333333333	0.200780119775777	1
-0.282072831496809	10.9197116512827	4.81117831177259	2.98673075356865	40.1223666666667	0.168752849735302	1
-0.34260104264879	10.3237796415796	4.76837872207572	2.99225569510088	39.4616	0.125911214346877	1
-0.364853867406829	10.3536415066933	4.77837589273205	2.97835891460312	38.89925	0.0950014495875131	1
-0.414612123381248	9.98778887878055	4.75855554411267	2.97979067457839	38.4354833333333	0.0732521745304964	1
-0.480545335399006	9.48719686830856	4.75194360667659	2.97887429998176	38.0460666666666	0.0608571170904846	1
-0.490034836598092	9.4867858453317	4.75511866777991	2.9902773436288	37.7012833333333	0.0676444071539481	1
-0.513335048006552	9.29810301796716	4.73277067926694	2.99033856647877	37.42515	0.0706499667134408	1
-0.438583635256688	9.73188369476426	4.69370871779068	2.98226232418965	37.1841166666667	0.0708713543687187	1
-0.472975383974462	9.57116899293426	4.75252791118909	2.98922634467321	36.9467666666667	0.0796627141302559	1
-0.541025857724274	9.08035566888608	4.7469777547456	2.9826224482232	36.7498666666667	0.089442428537014	1
-0.505783804925693	9.29184347752055	4.68595192387927	2.9804996649101	36.5996833333333	0.0906702895794947	1
-0.522244991307055	9.22168573477245	4.71679114995754	2.98905083936737	36.45085	0.105170535443268	1
-0.520080383588013	9.1656250582788	4.70570227034818	2.98030687633294	36.3213333333333	0.104536372174208	1
-0.540836415914289	9.00404035784564	4.74150287151501	2.98117936965503	36.2147	0.0991349533870414	1
-0.61072933639112	8.66828334448025	4.7334315505272	2.98395106969061	36.1330333333333	0.124041677887343	1
-0.609579511524736	8.80628087617673	4.77339633039521	2.97748177166	36.0557	0.119133495837687	1
-0.581766130473815	8.83850898051408	4.72990069930344	2.981629870409	35.9754666666667	0.12659537393035	1
-0.575487904886526	9.00289736242218	4.70449002714882	2.98316685951124	35.9105166666667	0.121242786494027	1
-0.534126615286851	9.10158816560222	4.71486277294765	2.9862376970818	35.87305	0.128333440824668	1
-0.602237397003196	8.79591881906754	4.7344416522793	2.98964589768687	35.79865	0.119311985986321	1
-0.592816007734397	8.8216617358677	4.73309533098099	2.98317894091517	35.7465	0.140102565335398	1
-0.610788443781732	8.65455030019115	4.70101170997472	2.97961647563777	35.7195333333333	0.141908118598951	1
-0.606953433397161	8.69491829520634	4.74365062448706	2.97615488550267	35.6855833333333	0.134194810537298	1
-0.61793727005901	8.73523903951376	4.71214408808643	2.98246843043137	35.6491666666667	0.135442297009499	1
-0.623433973333366	8.56347878726926	4.75261001222184	2.98111525929126	35.6089166666667	0.13334793175732	1
-0.578856961729455	8.88857428576016	4.6904655683838	2.98437187212107	35.5874833333333	0.129515850959323	1
-0.599845629830907	8.7300501349971	4.74397059686451	2.97971861775039	35.5597833333333	0.129211965084136	1
-0.580876826263142	8.85017252295009	4.74324478927782	2.98160073779112	35.5332666666667	0.142705916244119	1
-0.572197256214156	8.93099853909819	4.71298987212553	2.97594028944112	35.5265333333333	0.14474928256216	1
-0.570492973724628	8.97346321861462	4.70682231389005	2.98233002931817	35.5163333333333	0.144410745018631	1
-0.588465659679642	8.84710869212991	4.78618791021634	2.98051045076327	35.5018166666667	0.14895517374469	1
-0.619533169659072	8.59737072715768	4.75297654443684	2.97467446803168	35.49755	0.157320726596813	1
-0.589985721207924	8.81596524364677	4.68402133801007	2.98589566226812	35.4878333333333	0.155113973041659	1
-0.565675272028082	9.05518317203189	4.71033092945043	2.9799062289754	35.4779666666667	0.157602478543131	1
-0.596625859352946	8.75282082494931	4.76002490522891	2.975757613834	35.4769666666667	0.160635914960327	1
-0.587622207373857	8.83801509761969	4.7165934081364	2.98956481084108	35.4649166666667	0.151626357404929	1
-0.591837674940619	8.8004070796494	4.75259201551805	2.9752038615524	35.4531333333333	0.157151278371464	1
-0.61249476196082	8.7247197932237	4.73345407128969	2.97273093724869	35.4488833333333	0.159360809216457	1
-0.632461908167727	8.56222205569263	4.68235507208861	2.97950684179828	35.4431166666667	0.149491691472165	1
-0.655936231849237	8.46449677203423	4.73071189186769	2.98307807491814	35.434	0.154715485184684	1
-0.571486519195396	8.97007784209886	4.75575037244153	2.97635934195082	35.4375666666667	0.148817983088051	1
-0.64821683800855	8.42118022738853	4.72932664498577	2.98629009820732	35.4291333333333	0.159964558221519	1
-0.577587955635634	9.00285046760674	4.72551267444773	2.98732925174999	35.42645	0.149289892604618	1
-0.662085740393677	8.36604970083389	4.7445790186107	2.97262448392618	35.4350166666667	0.152905586430261	1
-0.647701415709347	8.49744059476774	4.71868678382842	2.98331040366317	35.4340833333333	0.158270771166535	1
-0.614321025532655	8.65785819836902	4.71208613982296	2.98453417850424	35.4380166666667	0.147267368020264	1
-0.626406584265773	8.64592046152102	4.74997878246924	2.97766286020944	35.4295	0.156243996494835	1
-0.612480933910941	8.69831065428624	4.74547516728155	2.99464735541645	35.4493333333333	0.164189397319347	1
-0.631274896447034	8.51645755663584	4.77274988666825	2.9788952715391	35.4500666666667	0.15793678918647	1
-0.631336554026278	8.70465424430635	4.71885179894065	2.98823703141191	35.44445	0.155802724568766	1
-0.674463617177638	8.33694943130325	4.71972943180383	2.97564843088656	35.4393333333334	0.149526219759213	1
-0.615836294278828	8.61095352804995	4.73805381279839	2.98705286910801	35.4425666666667	0.142646340755988	1
-0.641558016404597	8.58368369558412	4.76524079417769	2.98021685213344	35.4297333333333	0.150926052907799	1
-0.620952322161303	8.65933437636763	4.72676893119691	2.98431124265803	35.42285	0.155741400720249	1
-0.605755051194582	8.79722743920228	4.72616432455371	2.97879106578825	35.4126833333333	0.159130954670872	1
-0.608531729140843	8.66992932647097	4.75734535487593	2.97942999835916	35.4098	0.150977021486546	1
-0.625281975326265	8.71742222174874	4.7035490072601	2.97615562030662	35.4129166666667	0.147320507468932	1
-0.592396137435542	8.83509212825564	4.75009952686999	2.97764183889395	35.4166833333334	0.154031527882836	1
-0.63856575926765	8.56284669701926	4.73401934235519	2.98342653556036	35.4105833333333	0.157835710730876	1
-0.643586653623078	8.49412051939742	4.70652782978112	2.9782580026092	35.4095833333333	0.152565661514793	1
-0.604717891477994	8.72618852950965	4.74649227631563	2.98500512159507	35.3953333333333	0.144300024861888	1
-0.58209383016789	8.87009731873378	4.74108744498456	2.97835751477381	35.3906	0.15438398090256	1
-0.613636536999423	8.67649282042171	4.73341405888631	2.97175482371311	35.3912666666667	0.151235798231327	1
-0.641724399070627	8.53795674580237	4.70886342487738	2.97450219396323	35.391	0.144634782604265	1
-0.604251157959322	8.79928344863284	4.69915162415833	2.97947122129037	35.3954666666667	0.148178598910711	1
-0.608112622979979	8.63462815207624	4.72200070043921	2.97405063118614	35.3843333333333	0.144354162717205	1
-0.643857833367254	8.46270849594777	4.77106256914676	2.99551040251813	35.40765	0.150644696475752	1
-0.623185538707383	8.70286391522957	4.75373859526648	2.97452187121514	35.3999833333333	0.15214739638255	1
-0.616696314311101	8.64591827822607	4.73883145156011	2.97237928109902	35.3964333333333	0.151043081368789	1
-0.584958858345022	8.85805276337292	4.76261340022102	2.98314053586757	35.3979166666667	0.158775856473426	1
-0.633737633002676	8.5274325296253	4.73295864102486	2.992341457007	35.401	0.148053700747684	1
-0.6291180584993	8.56692300153945	4.7266352987888	2.97293917049688	35.4056166666667	0.147600479038618	1
-0.608659453020325	8.73412882489156	4.70774083589706	2.98023842217167	35.4157666666667	0.164896204298615	1
-0.607810643293428	8.68178660392008	4.76047931863682	2.97704347661727	35.41155	0.162878183138114	1
-0.643456320814114	8.56561386944051	4.72658042713975	2.97555320576798	35.4093833333333	0.158706967120002	1
-0.614187425465292	8.75318463203178	4.71114128753761	2.97961892647935	35.4105666666667	0.150095152494209	1
-0.611051130785269	8.67354831490122	4.78645201390842	2.98365787084558	35.4136166666667	0.151161165722546	1
-0.608114366016454	8.73142613031118	4.78663798799979	2.97652030119673	35.4146333333333	0.154369462891617	1
-0.630191832063807	8.65747413398548	4.73154248645506	2.98532120678301	35.4198166666667	0.151680696253081	1
-0.606111042053614	8.72459322747943	4.71637981031988	2.97384741308002	35.42225	0.151294260928267	1
-0.59845623205717	8.81350254149269	4.7744371715204	2.97842836390611	35.4271166666667	0.153325077461357	1
-0.578096569041581	9.00018073719908	4.73340104206517	2.98424070134783	35.4415	0.152060926683119	1
-0.603452278930384	8.69495392624911	4.73699704284008	2.97013254972492	35.4351166666667	0.150003174166039	1
-0.585954276717688	8.91179470004731	4.74475492071809	2.99128131577705	35.4267833333333	0.155780820784504	1
-0.597895905524434	8.77488026158615	4.75252022324654	2.97423666138555	35.4402166666667	0.148185533234142	1
-0.556159165661776	9.09933296308065	4.75057077093975	2.98435047904205	35.4368166666667	0.154448224187921	1
-0.640254614019372	8.48227798261781	4.76077521866182	2.97545554582361	35.4376166666667	0.154053929767586	1
-0.566480512388486	9.02148554525688	4.76985049425309	2.97726266756058	35.4524833333333	0.158113828517184	1
-0.647758366689094	8.47373731940213	4.72876908446805	2.98208738739916	35.4681666666667	0.166197469505575	1
-0.617309252898206	8.70204425710232	4.71171484874009	2.97925643591818	35.4689666666667	0.154893398735232	1
-0.617360022781315	8.67113484380447	4.75441010011563	2.97461367928846	35.4661666666667	0.163428952755839	1
-0.637120926141852	8.55946142473746	4.76326369868092	2.99967960141008	35.4667333333333	0.162000195298759	1
-0.637753849900817	8.65577974580007	4.71945630500418	2.98684357677422	35.4821666666667	0.166117700427981	1
-0.640316545525649	8.4940393468303	4.74909440105622	2.99024067629518	35.4971333333333	0.171130980331963	1
-0.627541847248015	8.61816546563287	4.7875632409065	2.97834013558911	35.49855	0.166888313916925	1
-0.643139187554615	8.50286616556602	4.74965444296008	2.98989413709361	35.5134333333333	0.159800337992755	1
-0.608376090676456	8.68712172584462	4.77999440101629	2.98255781019259	35.5163166666667	0.157530571869229	1
-0.633076153194417	8.53685312983365	4.79116088486192	2.98035248909633	35.5166	0.168115497022087	1
-0.635469662180297	8.59113559692661	4.78128047352215	2.98459246110864	35.5246666666667	0.162373462249648	1
-0.570566428421375	8.8271905192233	4.74880164285273	2.98148036337017	35.52935	0.159836232395664	1
-0.582249688863777	8.92536020417886	4.73571435256724	2.99034861747684	35.5338333333333	0.157134096534728	1
-0.636230856177024	8.64271432764458	4.75079278716717	2.97563425274655	35.53465	0.16058788448718	1
-0.589801038370871	8.88793491142743	4.7945006079547	2.98276786471143	35.5460333333333	0.149813100133972	1
-0.60603417533589	8.72858191696216	4.72535951031671	2.98361842567135	35.54775	0.155717325924961	1
-0.611937515981009	8.7168531439658	4.74472199853425	2.98399680076356	35.5555333333333	0.141303671868837	1
-0.625302119354906	8.75984639013955	4.75250417790567	2.9941732924238	35.5475666666667	0.147137934440485	1
-0.616269397319305	8.65774803836816	4.78936439756121	2.97766034136055	35.5478166666667	0.150023217600507	1
-0.612709162971531	8.68689349674188	4.75610431540714	2.9778988281418	35.5400666666667	0.145395179397704	1
-0.614581031917667	8.77971521246364	4.78622409301958	2.9751507920759	35.53915	0.148954415163198	1
-0.585043633005358	8.99104522554255	4.72913404649158	2.97800125124379	35.5459	0.153537904556475	1
-0.66535085045714	8.39916029650436	4.74346584025343	2.97572597211012	35.5432	0.15919402935742	1
-0.611079345889079	8.68658955487239	4.77520280455551	2.98728295946703	35.5414333333333	0.150936552689708	1
-0.576686016579532	8.9774530997184	4.7189597157795	2.97468290555535	35.5434	0.150746414073212	1
-0.538752592210433	9.24053886089374	4.74091505968968	2.98605526829395	35.537	0.157553864881136	1
-0.584437491517146	8.86428734103544	4.79553880846082	2.97786203592397	35.54425	0.150568935166881	1
-0.564809320904526	9.08782260004312	4.69621807487481	2.97930657863196	35.5407666666667	0.148477170152509	1
-0.568491477154842	8.93684870366685	4.75553449931447	2.98906349721095	35.53295	0.158470167753419	1
-0.610903896031952	8.77543089250669	4.76370858735431	2.99513748278191	35.5328166666667	0.153008971894546	1
-0.610416119446887	8.77274634388353	4.74826567117893	2.97338941010577	35.5348333333333	0.154949654663139	1
-0.630359089565384	8.7192246748323	4.75570671196772	2.97322264604595	35.51905	0.157779552820179	1
-0.609940985055793	8.69390316169451	4.80598222053347	2.98307920405596	35.5142166666667	0.149713182471184	1
-0.630531068642573	8.58263090198796	4.74679954732068	2.98125321616521	35.50225	0.162408109612165	1
-0.60736129147593	8.74501088582953	4.73505980518211	2.99170308298776	35.4979166666667	0.160557534084865	1
-0.645432489536279	8.5436967305295	4.80012007132285	2.98712742089248	35.4947666666667	0.160620973646474	1
-0.637586288881047	8.55121788604057	4.73391338181233	2.9768468790263	35.4849	0.156719840717684	1
-0.603527585189538	8.84533989394463	4.7175408568693	2.98741974063462	35.4837166666667	0.154812964427409	1
-0.643068058150388	8.56482305065217	4.70310645108833	2.9772581311496	35.47555	0.159345209412495	1
-0.603195438067405	8.84651567020534	4.79725882997612	2.98197198535907	35.4809166666667	0.163465778481196	1
-0.611983508159317	8.7235646852296	4.75566961442296	2.98606207816918	35.4682166666667	0.155783540792732	1
-0.647527906092955	8.54889740127021	4.76111190665677	2.98389924200415	35.4794833333333	0.157111262709128	1
-0.6332149322875	8.57468367290621	4.74571497323605	2.9765102945111	35.472	0.15789269044169	1
-0.615710424397828	8.61137668369938	4.76409928720042	2.98092585292463	35.4799	0.159445299052154	1
-0.627709833832906	8.63137437209402	4.79775712726103	2.98412110363648	35.4755833333333	0.165128228722118	1
-0.627893934488382	8.61934347776365	4.75823442034304	2.97840657727684	35.488	0.160694994806722	1
-0.600670348573755	8.8113761332018	4.80987335855099	2.97528892234708	35.4777666666667	0.16488561691872	1
-0.603826241051993	8.83319281084754	4.73248954754228	2.9772839683136	35.47345	0.156232163727739	1
-0.616833247165722	8.70191565051149	4.73568358565142	2.97262942280025	35.4659166666667	0.159185351049337	1
-0.602690529088979	8.895670704297	4.74143850886543	2.99068795506371	35.47565	0.16426774599075	1
-0.631737242892703	8.64176916144179	4.75794745641228	2.99479606926605	35.4820166666667	0.165556738358242	1
-0.645944245881685	8.57715329840899	4.82181884248901	2.98485035767179	35.4711666666667	0.157116405800768	1
-0.617792574083998	8.7096595414769	4.71569285812445	2.98241457253481	35.4701166666667	0.157693662659404	1
-0.626447259094016	8.63013688784067	4.79585825300204	2.98232086655943	35.4754333333333	0.155940054395822	1
-0.575957007686639	8.92195616188556	4.75884308158509	2.9872701313805	35.4722166666667	0.158000546198012	1
-0.578913859244212	8.94745583023422	4.76486568207619	2.97758688356001	35.4661166666667	0.157941427854659	1
-0.653750854486194	8.40116595522451	4.78613373847759	2.98167614206884	35.4753	0.159637438793056	1
-0.605695123239685	8.863757985731	4.72424677401067	2.97814757392271	35.4786166666667	0.157390488337794	1
-0.646926910432666	8.51141720112424	4.74472149707249	2.99223238933468	35.4724166666667	0.154843747559248	1
-0.638961954408774	8.60761158250991	4.80897812044727	2.981049127925	35.4582	0.148541816289019	1
-0.630002977520058	8.70192509022958	4.77758714928198	2.98479811381875	35.46565	0.157147649992945	1
-0.614295532916406	8.741825213152	4.74204317980698	2.97813616349265	35.4646833333333	0.160977679436736	1
-0.600495140340396	8.82616150581726	4.76154756718151	2.97841604428882	35.4582333333333	0.166514962596043	1
-0.603412630003246	8.88882917580904	4.80058927888726	2.98035614618915	35.4478333333333	0.149493627398523	1
-0.619401034133191	8.59165912249605	4.77150711919958	2.97832812210033	35.4518833333333	0.150860704823645	1
-0.610527882044389	8.62292476905344	4.80078081905999	2.98109815209581	35.4565	0.161260553458355	1
-0.631196177753008	8.57669945523794	4.8284407405632	2.98092643934225	35.4458666666667	0.154348545332723	1
-0.60205058194929	8.70208116317693	4.8012696866274	2.98118972158472	35.4381	0.149746757979677	1
-0.589319952844626	8.79935604794733	4.74179087568386	2.98807785308393	35.4411833333333	0.148468736841158	1
-0.629422454899594	8.62827172894936	4.73243897589696	2.97704853748161	35.43535	0.14222527189674	1
-0.632512589034825	8.58224871830837	4.78144963509639	2.99201235164909	35.4271333333334	0.143319539475538	1
-0.628142979739655	8.56340172664602	4.75997078960001	2.97544949013357	35.4277833333333	0.151542698761843	1
-0.626240939870839	8.57547369246562	4.74129404453915	2.98572959737565	35.4413666666667	0.153371043017117	1
-0.625056218865694	8.54905113453579	4.7624131413216	2.97445259553093	35.43475	0.152338007877443	1
-0.620743678497892	8.67202934405409	4.83045871961479	2.98427692500866	35.41665	0.146669214474532	1
-0.633970646285159	8.62780068768826	4.75106019953431	2.98810235035815	35.4158	0.154378886762297	1
-0.613819251807551	8.66850599718797	4.78224468927944	2.98239088422116	35.4060833333333	0.153550443504944	1
-0.590959495541632	8.90669993541859	4.78144985268717	2.99055976758444	35.4046166666667	0.149517879625427	1
-0.610981017812097	8.70850676376744	4.77775392134208	2.98948970977858	35.40835	0.146148035584077	1
-0.64423178729579	8.49216167252358	4.77537319947494	2.98677866873727	35.4083833333333	0.143483902323532	1
-0.638237335159225	8.6022400480221	4.77397659194643	2.9792218807937	35.3987166666667	0.153999459790674	1
-0.661772694393329	8.35607311037857	4.77794584983972	2.98562467186645	35.4155833333333	0.160091212524872	1
-0.596582960113058	8.81734103649253	4.83219837719731	2.98333473423519	35.4197166666667	0.149641163065568	1
-0.645101458280651	8.48115424259571	4.74996590896319	2.98210088640404	35.4211166666667	0.160497435606175	1
-0.612435619828412	8.66308760884333	4.82901997027875	2.98387154580538	35.4268166666667	0.155391849323438	1
-0.58631794157419	8.80459772045099	4.77624373993619	2.99294229277847	35.4209333333333	0.155376401003178	1
-0.61615835850655	8.65460141909126	4.79547394009498	2.98065298668682	35.4225833333333	0.161022084143514	1
-0.634135888650825	8.59014952689714	4.76083162153872	2.98744826220733	35.4295	0.147631986337076	1
-0.615056914255857	8.77190633326727	4.81674310328582	2.98464505988759	35.4295833333333	0.150824771115096	1
-0.636122855232607	8.57550526165092	4.82152828526569	2.98478645265349	35.4376666666667	0.153002123245118	1
-0.609078119622419	8.67344168035558	4.81787517090099	2.99071164277098	35.4426166666667	0.152605294759719	1
-0.559583909465404	9.04052306133542	4.85520312973044	2.98547376829723	35.4463666666667	0.16750643465168	1
-0.606578007624229	8.71868589705715	4.81673835881648	2.98826183824093	35.45865	0.160944755760415	1
-0.631002240374119	8.54493328444926	4.75580847617653	2.98889623950479	35.4847833333333	0.165812748346213	1
-0.614366074748456	8.67000805027453	4.83390416225338	2.98503206097524	35.4982833333333	0.16602665618801	1
-0.607715892613519	8.75352807055424	4.79691384079391	2.98295821145851	35.5055333333333	0.157820157964333	1
-0.654019737573488	8.37183527174511	4.76514941786891	2.97768840634353	35.5110166666667	0.162346510735595	1
-0.682093735406936	8.31364665009067	4.78382976092265	2.9867548871143	35.5142166666667	0.16221309396318	1
-0.578581142631904	8.89938321100878	4.78908626341036	2.9884732982153	35.52195	0.168178821798986	1
-0.623728180620406	8.6688835819186	4.7613126536404	2.97772031467748	35.5310666666667	0.158982129543305	1
-0.625816589561944	8.62118221757843	4.84198046469552	2.98552882890906	35.5298166666667	0.163923244922704	1
-0.596142543488608	8.76704521067098	4.82261329272411	2.98325039071257	35.53785	0.158864917034589	1
-0.6509154334665	8.43581140094052	4.77955041444949	2.99288806410509	35.5360666666667	0.156155601088826	1
-0.614779817115352	8.72731436329708	4.79473670587837	2.99765676859321	35.5426833333333	0.151619560884927	1
-0.59547225302126	8.83087312818786	4.74881667091764	2.98944365888342	35.54475	0.158665048002474	1
-0.59935482666966	8.75744261351181	4.82318847994094	2.97796407512967	35.5523333333333	0.15589801823755	1
-0.657175982664472	8.47261315455246	4.81895321567364	2.98206629072181	35.5547833333333	0.148660127861573	1
-0.607073155881273	8.72833984992659	4.84857612372276	2.98344060621173	35.5656	0.154778376276248	1
-0.44676913955619	9.20590676673715	4.88664410290957	3.02339844608738	35.54095	0.180381744444425	4
-0.436438125679143	9.253779695342	4.92482734560387	3.01292205542838	35.55645	0.17258212734222	4
-0.381611058614969	9.59539428533814	4.89127198137279	3.02423971554341	35.5694833333333	0.176408183413189	4
-0.445794836092782	9.05001418826801	4.83172067843353	3.02160429808061	35.5828	0.166823341048679	4
-0.461860124304034	9.03497673933826	4.87567067212928	3.01731719613645	35.5924666666667	0.164866917739648	4
-0.445800207082371	9.16461165469932	4.85303464678429	3.02809890459372	35.6010166666667	0.170558751910031	4
-0.453593867811454	9.1849086921619	4.84875046897271	3.02045844016603	35.5946666666667	0.162229557659913	4
-0.360280216031511	9.62686244136927	4.88465088067115	3.02945258796115	35.6064833333333	0.169887948282835	4
-0.432772482792435	9.09647994707188	4.84862337801793	3.03040681312657	35.6228	0.174102424558902	4
-0.435685631488133	9.25632114902232	4.87646873703502	3.01535601654262	35.6452833333333	0.173416916234138	4
-0.294533411405019	10.1407369382719	4.98476965646207	2.9242991422043	35.6309833333333	0.159973884697818	4
-0.251631003803285	9.9636391117273	4.94796258117564	2.96169744761614	35.5991833333333	0.15960602890642	4
-0.267751650573029	9.84616807131167	5.00166836762511	2.95506517929589	35.58745	0.160999255183034	4
-0.299360010997261	9.7336809978884	5.01004322920471	2.95309737315859	35.56605	0.14022033811234	4
-0.266787256093673	9.90439210193042	4.93131856220733	2.948719618094	35.5751833333333	0.150541451205552	4
-0.270903277220831	9.79874996351653	4.91292488144901	2.9462716428258	35.5728666666666	0.142546152700511	4
-0.295091657335442	9.74477777648276	4.87932088781752	2.95071763334081	35.5838666666667	0.159189096239604	4
-0.28650811106246	9.69393946815966	4.93810678028052	2.9594977368276	35.6157333333333	0.168426201378332	4
-0.284093034438151	9.81569618331857	5.00538827672409	2.95283562998661	35.63485	0.168177652740654	4
-0.26603355495697	9.79971697079604	4.91764814500503	2.94838583900741	35.6444	0.162360886999051	4
-0.228453505091387	10.0145450171061	4.98478354570069	2.95313931335907	35.6457666666667	0.161469246341601	4
-0.284801057193593	9.91848404736775	5.10837890558848	2.96424689974846	35.6515166666667	0.161986135802082	4
-0.281443444853922	9.90445681674478	5.05150640519612	2.9622424741347	35.6661166666667	0.164213801487177	4
-0.261728611281793	9.83928717737854	5.02453540073093	2.9627273147952	35.665	0.154662344085321	4
-0.23461724786352	10.1376220532185	5.12610451359717	2.9686366727473	35.6605333333333	0.154892468623101	4
-0.281052279704215	9.9524656609034	4.97939438662856	2.95844746824403	35.6551	0.159728869852656	4
-0.236681507796015	10.2441270908948	5.15430911665182	2.96880864341224	35.6588166666667	0.159061281407318	4
-0.31048670698323	9.70818406555084	4.99717225158378	2.95900069904716	35.6653666666667	0.154872825538877	4
-0.250575638931905	10.145394647068	4.95848135025617	2.9537862787556	35.6653666666667	0.152840003489488	4
-0.251625919715497	10.078404752541	5.04329729048871	2.96074311887403	35.67875	0.160090824327625	4
-0.284858592436849	9.87924897116114	5.0078120456544	2.95966053604745	35.6810333333333	0.15245360135127	4
-0.227888047639725	10.3611908697933	5.31780132409363	2.96343826851221	35.6913666666667	0.153802973970792	4
-0.283084282233721	9.96637105136287	5.18483801592167	2.95736911716031	35.6907833333333	0.151097464523105	4
-0.302819079983578	9.75458624172874	5.34881623746209	2.9594152112178	35.6946833333333	0.152990471805525	4
-0.2160477929419	10.4519776431605	5.16701639612596	2.95358782909989	35.71005	0.150732271914844	4
-0.230073984562036	10.3552266465809	5.36329933739484	2.95663500194988	35.7093166666667	0.157535628648841	4
-0.295909238395386	9.92533640743484	5.3501184930426	2.959395467448	35.7028333333333	0.14696905781423	4
-0.289341420278336	9.90257650003407	5.35499000296152	2.96028394720462	35.7011333333333	0.150791636088095	4
-0.212697457019302	10.5342961201955	5.27685978299219	2.95556889591407	35.7113666666667	0.151583726002169	4
-0.260776915834317	10.0477728356112	5.22785386614149	2.95386235155967	35.7058	0.153193884021834	4
-0.227532454305204	10.3269141336583	5.15918848086739	2.95469981106142	35.71335	0.152836550003424	4
-0.226475464166542	10.4026187311987	5.07186014137699	2.91794506962645	35.7213666666667	0.142159848757904	4
-0.292353148188167	9.89741019887611	5.05188975550231	2.92352578430704	35.7201166666666	0.144937051405279	4
-0.255954275942603	10.2085440845896	5.11381464526981	2.92083586573916	35.7399833333333	0.150410792489021	4
-0.23419169960624	10.4048881056545	5.11830305062099	2.91745596488486	35.7439	0.144344773231739	4
-0.270401222744006	10.0638810653147	5.08879512992997	2.91120415004491	35.7411166666667	0.146719043357077	4
-0.274563505680049	10.090841546217	5.08809407963344	2.91875824671958	35.73965	0.154356710472194	4
-0.247194219487581	10.2386281609865	5.1616141705625	2.91853352155804	35.7499	0.147038528330364	4
-0.23966401699426	10.326265866188	5.02801952845898	2.92059591288596	35.7481666666667	0.148614182167258	4
-0.23111495074199	10.2323065171551	5.18789662536943	2.91622454244266	35.7575	0.145630423809666	4
-0.258593022563648	10.170397790852	5.1663853475912	2.9181552047476	35.77575	0.153920585400944	4
-0.317818569219819	9.82298156788905	5.04952613848592	2.95537032404446	35.7901166666667	0.152588745132933	4
-0.265057709651947	9.8248696324324	4.9250849158065	2.99817125561464	35.8042666666667	0.150528770454234	4
-0.265697785898269	9.77325319150453	4.92364203314434	2.99403616123038	35.81085	0.151808847802711	4
-0.262487994200011	9.79078721678008	4.94888043218429	2.99227028997166	35.8253666666667	0.16399410558513	4
-0.274212855035513	9.85083264756648	4.94609320316261	2.99486529347019	35.8520333333333	0.161123698839382	4
-0.293457743138489	9.51345347552173	4.89333761278291	2.98946341789289	35.8610166666667	0.145258447832361	4
-0.253043592631962	9.73341787741583	4.84732862835241	2.98941320145146	35.86605	0.151257152793468	4
-0.293881715333107	9.65247777930075	4.925852213893	2.99396361511755	35.883	0.144112597221639	4
-0.268742911507616	9.67998690492466	4.85776719643874	2.99329112422756	35.8876333333333	0.146242191350764	4
-0.285330103674784	9.61432581351297	4.94848261685181	2.99148354875622	35.8898333333333	0.141727378150851	4
-0.302881103241973	9.46712717245343	4.8694719791998	2.99240482322173	35.8565166666666	0.144887623509835	4
-0.287364453030111	9.81860551141752	5.18635133477524	3.01016709481163	35.8671166666667	0.149950623700013	4
-0.240665828600377	10.170666602894	5.16111732967098	3.00866001224501	35.8685166666667	0.156529467812887	4
-0.296079344151724	9.72780813484238	4.93216306683142	2.99631637186915	35.8809	0.144063627656531	4
-0.323788669748313	9.48484335752556	4.98503414099667	2.9997087099165	35.8881333333333	0.141717846521174	4
-0.276794874128441	9.81824114671919	5.23550374251192	3.00955625101702	35.8965	0.143604978432186	4
-0.260172034239311	10.049853101533	4.97336988149678	2.99749408193918	35.8974	0.141912864170058	4
-0.267800748555322	9.95552258912715	5.16413041250736	3.01059205191615	35.9063	0.140169425327388	4
-0.279266437223113	9.77115233418961	5.01212459129204	3.00135012676984	35.90585	0.132473192043407	4
-0.221531435912529	10.3365609216927	5.16444307940726	3.0094292907019	35.9160333333333	0.13612892277477	4
-0.304136907768079	9.65649464754881	5.23240418235497	3.00922632638406	35.9359	0.141190303119284	4
-0.276268301579524	9.96462066813126	5.26315480313681	3.00287603523726	35.9448333333333	0.139514067897266	4
-0.313522974526009	9.71219818453652	5.27434390596642	3.00024904456495	35.9475833333333	0.139791526581388	4
-0.312592247796233	9.73328304139052	5.21211393639224	2.99954337077417	35.9395166666667	0.143436218822362	4
-0.332635549608131	9.61719038639905	5.27856661825934	2.99770326673848	35.944	0.146413507758804	4
-0.335073708424533	9.7128137313309	5.13918762442722	2.99361547765306	35.9429333333333	0.140703904354375	4
-0.284487500638812	9.99082967201725	5.25828036104284	2.99635209579924	35.9556166666667	0.143346101454695	4
-0.298736754457717	9.8410603173721	5.08429340623375	2.98669310643208	35.9602833333334	0.149484094915708	4
-0.287223239931714	9.96636870844287	5.25768856891319	2.99742389081057	35.9723166666667	0.147215567948256	4
-0.28607177903346	9.92976586026692	5.1343523795483	2.99577466376517	35.96275	0.144182161735466	4
-0.336294342455119	9.69710253824972	5.1321210759203	2.9919121314528	35.9651166666667	0.143262955064403	4
-0.334759284750065	9.69619705975596	4.9938790420448	2.95082237761618	35.9608666666667	0.151460736833873	4
-0.290013169045073	9.87923644624742	5.04098876629782	2.96051959550845	35.9736833333333	0.15261489049978	4
-0.303574928665989	9.92077223687498	5.01945641849467	2.96088215527929	35.9844333333333	0.150386661717716	4
-0.269260676420399	10.1385287654059	5.0104426806995	2.94931241209922	35.9722	0.14246650513277	4
-0.300364237745606	9.98365249097869	4.98802550864496	2.95270143080295	35.98835	0.154828590295465	4
-0.262311244991796	10.1454822322109	5.13597287442309	2.95761137072928	35.9836333333333	0.144427797534148	4
-0.295193811242637	9.97559455689913	4.99575148523106	2.95641985481208	35.9857833333333	0.145184405436399	4
-0.287899416295311	10.0420683346914	5.0154966806467	2.95118357897589	35.98075	0.146780664800654	4
-0.289502043941975	9.98293615475535	5.01829956908602	2.95593229250271	36.0058333333333	0.150270622168824	4
-0.303448373278836	9.89070735324277	5.07151367516454	2.96911121514537	36.0133666666667	0.14789631808789	4
-0.402172404528577	9.32010581054707	4.98059605384036	3.02650695006558	36.0258833333333	0.152003355411967	4
-0.355257563396521	9.2900442669466	4.78274770842794	3.06420356454395	36.0339333333333	0.154246651109614	4
-0.347691240869175	9.33468744596363	4.78489080464677	3.06305048338629	36.0530666666667	0.159444147456694	4
-0.369768066212898	9.16243631506876	4.79697263710126	3.08044724419404	36.0761166666667	0.158557276360959	4
-0.43316723823835	8.81849460952653	4.7935984904088	3.06536737942458	36.0911666666667	0.153523163014318	4
-0.355946888229794	9.30006095592865	4.81358742260266	3.06112800469027	36.1098	0.149456620314833	4
-0.37141655308004	9.15500054258172	4.75650559002328	3.07562215688285	36.11815	0.147254400527034	4
-0.373664388684198	9.24684540077756	4.76971680299924	3.06440832247893	36.1205833333333	0.152691923317272	4
