FS2_Mean	FS2_Std	TS4_Mean	TS4_Skew	TS3_Mean	TS3_Std	Label
10.3045916666667	0.0917715185478762	31.74525	0.247706469571016	38.4710166666667	0.0846589352090761	4
10.4030983333333	0.0191618708040231	34.4938666666667	-0.305291217192465	38.9789666666667	0.176920547777777	4
10.36625	0.026361190297921	35.64615	-0.0945717886920333	39.63195	0.25113325688141	4
10.3026783333333	0.0267496561484877	36.5794666666667	-0.190252007585102	40.4033833333333	0.285433781787143	4
10.23775	0.0291704592494079	37.4279	-0.181394082536054	41.31055	0.29357928071953	4
10.17872	0.0224471540410116	38.2120666666667	-0.153783632341097	42.1241166666667	0.266330627430163	4
10.14081	0.0176066433432486	38.9321	-0.253454363939282	42.8881166666666	0.201949657400784	4
10.0959783333333	0.0188207748644874	39.5589666666667	-0.13568755189334	43.5198833333333	0.159287937946165	4
10.03971	0.0193071794581977	40.0805333333333	-0.140194520039057	44.20125	0.177510527260035	4
9.99776166666668	0.0156770899448032	40.61255	0.0433749786212515	44.7971333333333	0.174852719299208	4
9.964415	0.0207710174749556	41.1002	0.0785673799010158	45.3650833333333	0.147712305314226	4
9.93145333333332	0.014950150519526	41.56785	-0.170423209664034	45.9214833333333	0.128072740410121	4
9.91413333333334	0.0177667757182123	42.0383333333333	0.0302085420473625	46.3910666666667	0.134710470025396	4
9.89122999999999	0.0191655758805047	42.4397166666667	-0.378514755093662	46.8681666666667	0.129018874807127	4
9.85693166666667	0.0173468109549296	42.7989333333333	-0.0780958847144911	47.3182666666667	0.127581129610802	4
9.83540166666667	0.016355003539902	43.1519666666667	0.0385861051968925	47.7086333333333	0.102154248054011	4
9.799335	0.0199994851770133	43.4455333333333	-0.140979265149716	48.06265	0.121253876401428	4
9.779605	0.0168685077166786	43.7320333333333	-0.0611626197240262	48.4443333333333	0.101734727611862	4
9.76064666666667	0.0168075174637535	44.044	-0.0714848319279461	48.7401833333334	0.0950679492350153	4
9.741035	0.0154687614015741	44.3038666666667	0.11830137144618	49.0861833333333	0.102704362897553	4
9.69586166666667	0.0299944212490534	44.4984833333333	0.314225642264632	49.34715	0.085582119350611	4
9.65690500000001	0.016149013160048	44.6685166666667	0.4070030363124	49.6260333333334	0.0729859440070414	4
9.63215833333333	0.0170300705437989	44.8552666666667	-0.269809326032055	49.8561166666667	0.0773015428764094	4
9.61686333333334	0.0180191325388129	45.05455	-0.580803357947131	50.0758833333333	0.0737825691754116	4
9.60663666666667	0.0186601623336835	45.2080333333333	-0.0683366037577145	50.2694833333333	0.0670288305454735	4
9.59562333333335	0.0194927696596429	45.32215	1.10129760371759	50.52235	0.0728987747217484	4
9.57423000000001	0.0179251951463592	45.4963166666667	-1.17936908538377	50.7212	0.052723712222382	4
9.55410333333335	0.0192115710704221	45.5381666666666	0.0139483137798413	50.9105	0.0702635474602221	4
9.53819999999999	0.0187297804166901	45.7708166666667	-0.608401962584762	51.0653333333333	0.0622538996577635	4
9.53080666666666	0.0177871656255442	45.7990833333333	0.526727000653675	51.1625333333333	0.0605479125776786	4
9.52189166666667	0.0174156664994938	45.93225	-1.84096915500868	51.3501833333333	0.0404368063864397	4
9.50546999999999	0.0192233797900088	46.07305	-0.369090720319055	51.4952833333333	0.058609044152735	4
9.49552833333333	0.019660198444922	46.0838166666667	-0.451817375975949	51.5795166666667	0.0613264373733219	4
9.48820666666667	0.0180419828214391	46.20785	-1.10008214501941	51.7301166666667	0.0642081075367148	4
9.47375500000001	0.018687884757989	46.3621833333334	-0.389974055502997	51.8691	0.086647679362941	4
9.46545666666667	0.0172946995717672	46.3554166666667	-0.250045775479473	51.95345	0.0743544933273448	4
9.46188000000001	0.0174350863795327	46.4855166666667	-0.130515787788343	52.0593333333334	0.0576957733277491	4
9.45210666666666	0.0173707088158053	46.5731666666667	-1.49244119856291	52.1439333333334	0.080373886193968	4
9.442305	0.016172751925427	46.6557	-0.106850072569887	52.2942333333333	0.0761139570859168	4
9.44023333333334	0.0172373847962283	46.5802833333333	-0.552276361322006	52.3344	0.0720172295769021	4
9.44115	0.0160651064757379	46.5101	0.443354446677206	52.4190333333333	0.0413410645220856	4
9.43178833333333	0.0170634736824718	46.75795	-0.633912817349284	52.4925333333333	0.0641025308648325	4
9.424265	0.0171682659946223	46.8031666666667	-0.658176592693329	52.5396833333333	0.074126207462465	4
9.42041333333334	0.0162072086299538	46.8036166666667	-0.750707596926693	52.6429833333334	0.0705865238174589	4
9.41290333333333	0.0170169508603391	46.90495	0.251826699625445	52.7195166666667	0.0669703935767073	4
9.40572333333333	0.0171777544409899	46.9258833333333	0.281511919910498	52.7915666666667	0.0578447268934555	4
9.40518333333333	0.016193314297433	46.9606166666667	-0.0228351146981346	52.857	0.0527761502375678	4
9.40280166666666	0.0173184548585231	46.9184333333333	0.74942208201596	52.8872333333333	0.0647308290228752	4
9.39658333333332	0.0166350311890296	46.9799833333334	-0.18199658896208	52.9327166666667	0.0714551160926862	4
9.39354833333333	0.0164343484884338	47.0091166666667	-0.686486443215347	52.9971166666666	0.0464864083167553	4
9.39091999999999	0.0163837616583248	46.9894333333333	-0.160885563482486	53.0302	0.0530164029622046	4
9.38305666666666	0.0161909553129351	47.15835	-0.112081196800666	53.1217666666667	0.0675777936314169	4
9.38354166666666	0.0151206035475315	47.1797166666666	0.304466653485003	53.1382166666667	0.0709292059724823	4
9.37950833333333	0.0150595899447626	47.1010833333333	0.0446082326337215	53.1399166666667	0.064329736294745	4
9.37393	0.0158451953925592	47.1425333333334	0.427384454896764	53.2357333333333	0.0519702870346431	4
9.36595333333332	0.0170099986963051	47.2931	0.225420605582972	53.28375	0.0541975748409833	4
9.35784666666665	0.0167917567289915	47.3824666666667	-0.14564209283126	53.34595	0.0563645594263104	4
9.35455333333332	0.0160692519111458	47.3288666666667	-0.619694773565106	53.3475	0.0501771438277621	4
9.35495166666665	0.0173329180261448	47.1709666666667	-0.0889884371590074	53.37795	0.0624704472503685	4
9.35096166666666	0.0173304386575276	47.3359333333333	-0.125123088624801	53.3867666666667	0.0589099763260392	4
9.34407166666667	0.0169770501248143	47.3751666666667	0.167562255424728	53.4421166666667	0.0471266205194262	4
9.34113999999999	0.0165936528686687	47.2534333333333	-0.659559737051653	53.4682333333333	0.041277221800262	4
9.33899166666667	0.0167842520163536	47.30465	-0.304956153833569	53.5229833333333	0.0539605919187883	4
9.33989	0.016693682389441	47.3211	0.704725951766718	53.5242166666667	0.0508247543006113	4
9.33154499999999	0.0174627093744879	47.25885	-0.592129631909886	53.56195	0.0747230876671227	4
9.33210833333332	0.0166881421185174	47.21455	-0.107987409776783	53.55745	0.0428957842344066	4
9.33421166666666	0.0169637794603145	47.5573333333333	-0.0612657324710813	53.61295	0.0608204986073572	4
9.33799833333333	0.0178221129519578	47.4667333333333	-1.5783897645333	53.5747	0.0797898298604059	4
9.33656166666666	0.0194353394083755	47.4614166666667	-0.603803576905553	53.6454333333333	0.076743103630243	4
9.32792500000001	0.0181995810276676	47.4181333333333	-0.436248431640827	53.6687333333334	0.0743577852412815	4
9.32696333333334	0.0167209840540296	47.6525333333334	-1.19680952430472	53.6970833333333	0.0698359558856552	4
9.32596999999999	0.0180150864249429	47.75455	-0.159368453603538	53.7366	0.0617738357208046	4
9.33038	0.0176348304615898	47.8835333333333	-0.367881548682237	53.8243833333333	0.073964510882291	4
9.32969166666667	0.0177093939745869	47.8883166666667	-0.536478899922052	53.8213	0.0385712196209929	4
9.32083166666667	0.0173378487387286	47.66655	-0.220224984711414	53.9654666666667	0.0443634704923351	4
9.32118499999999	0.0194744156036882	47.9367333333333	-1.13889458861238	54.0218666666666	0.0728533392477519	4
9.31656333333333	0.0177106964903278	48.00105	-1.10929059275953	54.0622833333333	0.0590888706337187	4
9.31289666666666	0.0184545461249168	47.9710166666667	-0.522020146665197	54.1353833333333	0.0478713288335911	4
9.31061833333334	0.0177711100143123	48.0203666666667	-0.362511096295385	54.1886333333333	0.0765109866192191	4
9.30759833333334	0.0168644897812393	47.9951166666667	0.00803111170342452	54.2339166666667	0.0408773658587242	4
9.30814499999999	0.0186308657052809	48.0680666666667	0.242124445294392	54.2676166666667	0.0696879464972645	4
9.30257666666665	0.0179306060488118	48.2308	-0.444809513380037	54.2884166666667	0.0524279300860462	4
9.29880499999999	0.0180121543549769	48.1367333333333	-0.695169979457923	54.3616	0.0422282739245173	4
9.29819333333332	0.0190717638368515	48.15905	-0.587514428157448	54.4082333333333	0.0604815048537856	4
9.29533166666665	0.0191006908568138	48.2745666666667	-0.259088993427584	54.43235	0.0831481881127946	4
9.29408666666665	0.017357071626515	48.2974	-0.434067059382832	54.4345833333333	0.0666186444271475	4
9.28977999999999	0.019166303207219	48.2837666666667	0.193231853791254	54.4295833333333	0.060285842188374	4
9.29011666666666	0.0194964931281513	48.2299166666667	-0.583769728107047	54.4706666666667	0.0768082946321149	4
9.28770666666667	0.0185070655340068	48.1327	0.180038592702804	54.5132333333333	0.0553532160860899	4
9.28766666666666	0.019287186112437	48.1782166666667	-0.0958025596389372	54.5351166666667	0.0702344962484728	4
9.28470166666666	0.0182424589736298	48.1787833333333	-0.00252265517969416	54.5292833333333	0.0640026725254139	4
9.28018999999999	0.0189313115656574	48.2248666666667	-0.227804373723459	54.5908666666667	0.0718346657891544	4
9.282015	0.0186836802632753	48.3131333333333	-0.505766210188171	54.6153166666667	0.0471609187769595	4
9.28413500000001	0.0183713350518132	48.2793833333333	-0.103560920649678	54.6404166666666	0.0593570899244039	4
9.28983833333332	0.0183128679469646	48.4242	-0.324508013299937	54.6599166666667	0.0688477297156964	4
9.28491333333332	0.0180925783460393	48.19675	0.716988620187595	54.6777333333333	0.064483572120706	4
9.28458166666665	0.0183326705247719	48.4791333333333	-0.445971495932691	54.7201	0.0567246396706292	4
9.28111333333333	0.0188953843077029	48.6268333333333	0.243259707960774	54.6839	0.0488798943104076	4
9.27442833333333	0.0186387733056512	48.7089666666667	0.0145393557844673	54.7473833333333	0.0576168206568092	4
9.27500499999999	0.019062019199443	48.7271833333333	-1.18934708579748	54.7710166666667	0.0744403962836725	4
9.26943333333332	0.0190410913769036	48.7401166666667	-1.00567081329164	54.7683666666667	0.0760084666708245	4
9.25887166666666	0.0181555658548024	48.7685333333333	-1.1947212319805	54.8222666666667	0.0745476452507354	4
9.25613333333334	0.0188128172365592	48.8013666666667	-1.24781750339299	54.89495	0.0779766207900203	4
9.25679833333334	0.0183419840216912	48.7424	-0.808862896133121	54.8714	0.0777909410437659	4
9.26156666666668	0.0194861079462706	48.7339666666667	-1.53645877638282	54.85715	0.0906899775824119	4
9.25824833333333	0.0196417836086178	48.7906833333333	-0.239470858146229	54.8461166666667	0.0883878378907741	4
9.25658666666667	0.0185086494842755	48.84925	0.57536609110337	54.8979333333333	0.0903424495577265	4
9.254995	0.0181028864871123	48.8790666666667	-0.150302997742159	54.9326833333334	0.0596098876073841	4
9.25415999999999	0.0189924262208982	48.7325666666666	-0.290871102550835	54.9129833333333	0.0836695460598012	4
9.25192166666667	0.0173166193601887	48.8712333333333	-0.978708056022349	54.96595	0.0680872881936069	4
9.24927	0.0170575114782232	48.8374666666666	0.606056526297163	54.99245	0.0403465601415316	4
9.24967833333333	0.0175147406715088	48.9125	-0.78151060828854	55.0218166666667	0.0488666437363618	4
9.24515833333333	0.0184389964895451	48.9982666666667	-0.955806680105998	55.0576833333333	0.07239709041505	4
9.24225833333334	0.0184572310903186	48.9903333333333	-0.596476816417212	55.0969166666667	0.0839958214591582	4
9.25134333333334	0.0209353593474588	49.0078333333333	-0.957015870622977	55.09685	0.0767873632347302	4
9.24623833333333	0.0184472771417752	48.9418333333333	-0.376974653243592	55.1131166666666	0.0735352081397622	4
9.24137499999999	0.0177028253406549	49.00755	-1.23760770030882	55.1464666666667	0.0536683054106401	4
9.239225	0.0188308800929516	49.0009333333333	-0.870143300086668	55.1534166666667	0.0571122272125252	4
9.23720833333333	0.0191616861013316	49.0840333333333	0.534752281499314	55.1742333333333	0.0720210342784039	4
9.23244333333333	0.0182285652170435	49.1020166666667	1.4173512532369	55.2204166666667	0.0527560075032559	4
9.23519333333333	0.020037176355033	49.0818833333333	-0.00553513595283346	55.1907	0.0987215395589097	4
9.23203499999998	0.0184300448341193	49.0842833333333	-0.238484532472069	55.2132166666667	0.0560943792062182	4
9.22878333333333	0.0188496304960765	49.0947	0.383541114403073	55.23475	0.0736829269832134	4
9.22808499999999	0.0194868503670735	49.1138	1.93384920280045	55.2501	0.0665963555779981	4
9.22814666666666	0.0184139515469887	49.1155166666667	0.322510233402578	55.2557166666667	0.0599149373488293	4
9.23260666666665	0.018098375826802	49.1208333333333	0.534706912294516	55.2444333333333	0.0617294168444411	4
9.22849999999998	0.0182070268406814	49.1175	0.889495346596167	55.2617166666666	0.0622945685982033	4
9.23044999999997	0.0193360795739161	49.0533166666667	-0.977843202264519	55.2740166666666	0.0860528989193824	4
9.22706833333331	0.0199731120734532	49.17135	-1.51555456412674	55.2929333333333	0.0713679571708096	4
9.23015166666665	0.0179290569288931	49.1585666666667	-0.193685654991482	55.3033	0.0591780708353751	4
9.23373166666665	0.0185360632270037	49.1826333333333	-0.994989715367228	55.3025666666666	0.0881095940574684	4
9.23123833333332	0.0181942274841536	49.1860166666667	0.414628890781816	55.2758	0.0651594654075947	4
9.22918666666665	0.018515124590991	49.1727833333333	-1.18128305094388	55.2926333333333	0.0781745042027434	4
9.22421833333333	0.0195400533955273	49.1527166666667	-0.472542102212572	55.3032166666666	0.0713599355064187	4
9.22950666666665	0.0195437087014014	49.1707833333334	-1.07674435459253	55.31815	0.0842582440768579	4
9.23016999999999	0.0192104008069919	49.1846333333333	1.2453893942739	55.30435	0.0747791834081278	4
9.22591166666666	0.0192964016269477	49.1908666666667	-0.955432942272789	55.37805	0.0709144686534898	4
9.22517833333332	0.0180071363303624	49.2006333333333	0.644002020928085	55.3569166666667	0.0946958184008087	4
9.22265666666666	0.0200970630223862	49.19885	-0.491428893511917	55.3412166666667	0.0911915643709956	4
9.22447999999999	0.0198297326548276	49.21645	0.583475276030516	55.35465	0.0756050901792796	4
9.22466166666666	0.0182653561681343	49.2032666666667	-1.82342257928868	55.3725333333333	0.0572939097146932	4
9.22625333333332	0.0192264205622093	49.2213333333333	0.0130524633007673	55.3600333333334	0.0593487157105966	4
9.22374166666666	0.0204694062332413	49.2141166666666	-1.28131039867579	55.3827666666667	0.0746188885676645	4
9.22522166666667	0.0202940618276545	49.21265	0.386236227789654	55.3808	0.0961084839021307	4
9.22324499999999	0.0196100117951097	49.1717166666667	-1.21997182260021	55.3901833333333	0.0661578727310195	4
9.21703333333333	0.0192819053868595	49.1403333333333	-0.835809056208503	55.3734666666667	0.0765520686137188	4
9.22244666666666	0.0197871095682011	49.2241666666667	-0.0243097118737988	55.3763	0.0561270652860729	4
9.21872166666665	0.0179474524367808	49.2467	0.122262912240542	55.4587833333333	0.0513449918890865	4
9.22001999999999	0.0182503349158557	49.2719166666667	1.94648782995534	55.4485166666667	0.0532752658820416	4
9.21805499999999	0.0192910743847562	49.2300333333333	0.156217607893304	55.458	0.0753396827482711	4
9.21964999999999	0.0190212296824115	49.2606	0.608933310275941	55.4751833333333	0.0526293375898016	4
9.21697166666666	0.019070842288641	49.2987666666667	0.584295746061685	55.47365	0.0722394382638595	4
9.21847833333333	0.01992958046518	49.238	-0.186856762770362	55.4631833333333	0.0669486247923135	4
9.21560499999999	0.0209685902712432	49.24525	-0.197002828379615	55.4840666666667	0.074308305685067	4
9.21449666666666	0.0199907321320201	49.2763	0.857774111679224	55.4972833333333	0.0772535099672493	4
9.21705666666665	0.0178681908045163	49.3218333333333	-0.80232309588533	55.49435	0.0481958662690456	4
9.21830166666666	0.0188466440126561	49.2322666666667	-0.975987213424333	55.4714	0.0527521226177485	4
9.21493499999999	0.0183757145841315	49.26245	0.124564727569572	55.4804833333334	0.0657108436390167	4
9.21473166666665	0.0211113511125781	49.2607666666667	-0.408063364655464	55.5132166666667	0.0964201771672906	4
9.21759666666667	0.0193545426042895	49.2495333333334	-0.348832639883801	55.4796333333333	0.063731951028671	4
9.21473333333332	0.0191005306909699	49.2996333333333	-0.0612702006757515	55.5292166666667	0.0566808166115431	4
9.21672166666665	0.0185674117345352	49.24635	0.400040246342415	55.5027666666667	0.0747632118966763	4
9.21375166666666	0.01938391663887	49.2229833333333	-0.659933601166632	55.4938333333333	0.0744685502192133	4
9.21574333333332	0.0199817309437413	49.21425	-0.802488417396815	55.5378833333333	0.079492690564022	4
9.21527666666666	0.0190540954428209	49.2414666666667	-0.125790997884621	55.5046666666667	0.0849854756617057	4
9.211975	0.0191199807646539	49.25635	-0.290133424683425	55.5476666666667	0.0625719021434795	4
9.21433833333333	0.01837670725415	49.37035	-0.261641393519386	55.5658333333333	0.0768033294358343	4
9.21087833333334	0.0194035484738708	49.2497666666667	-0.357047927788343	55.5359166666667	0.0726953922645521	4
9.21164333333332	0.0200297638850548	49.2625	-0.248906097990019	55.5723333333334	0.0811357236346449	4
9.21461833333333	0.0196949015178689	49.3265	-0.269545970355588	55.5873333333334	0.0778533316110354	4
9.21461499999999	0.0181465958212507	49.2961166666667	-0.462436830711323	55.5631666666667	0.0668360419023682	4
9.21483333333332	0.0186811097634003	49.2936833333333	-0.0242442090286942	55.58225	0.0749342367046493	4
9.21298166666667	0.0183820881793104	49.3192333333333	-0.881335271416024	55.5744333333333	0.0571680148413782	4
9.20991666666666	0.0186442771560966	49.3597833333333	-0.694362316691793	55.61585	0.0531508327023115	4
9.21039333333334	0.0202211138325746	49.4131833333333	-1.16335499956959	55.6057333333333	0.0834505570995541	4
9.20643499999999	0.0190323275197237	49.3528166666666	-0.133190438811822	55.6451666666666	0.0663483786134425	4
9.20638666666665	0.0195441494703596	49.42215	-0.8587725193192	55.64045	0.0776265342106635	4
9.20895166666666	0.0208650804741849	49.4208166666667	-1.39973831143623	55.5968666666667	0.101322520237826	4
9.20798166666666	0.0190340525326386	49.4078833333333	-1.20567516806969	55.6338166666667	0.0895411072469269	4
9.20515166666665	0.0195421379540533	49.3813833333333	-0.565333652217513	55.6618833333333	0.0783289654990932	4
9.20184666666666	0.0201814760489601	49.35245	-0.175886206824214	55.6052166666667	0.0843732811082499	4
9.19057833333333	0.0213032919436164	49.425	-0.928181677191352	55.66315	0.0783790928972124	4
9.19200666666667	0.0219092060804132	49.4397166666667	-0.756614531214081	55.6700833333333	0.0823173461685086	4
9.192675	0.0201841118775919	49.45095	-0.415684613335445	55.70345	0.0679275349177346	4
9.19236333333332	0.0200677813581028	49.4578166666667	0.655432654895236	55.7134333333333	0.0534705262283937	4
9.18801833333333	0.0204107568587776	49.42725	-0.596670079279152	55.7204333333333	0.0516281905212378	4
9.19050166666665	0.0218858778661532	49.48585	-0.804973904942648	55.7279833333333	0.0551581675396107	4
9.19150666666666	0.0201263112093029	49.4473	-0.584640116969379	55.7339333333333	0.060549704100571	4
9.19618333333334	0.0211608764794338	49.38385	-0.593712271715915	55.6974333333333	0.0572909217722505	4
9.19516666666665	0.0198707565826645	49.4133833333333	-0.845391993413121	55.7291333333333	0.0541618624553552	4
9.19795	0.02111738794112	49.5095166666667	-0.458511764943743	55.7356666666667	0.0652779368511912	4
9.19692333333333	0.0186736525007407	49.4639833333333	-0.576810883519252	55.7255833333333	0.0725901640782267	4
9.19380166666666	0.0193345642010268	49.44775	-1.13149223714817	55.71995	0.0466808221065402	4
9.19083833333333	0.0218489013004228	49.4639833333333	-1.33460764522459	55.7522333333333	0.075345614218221	4
9.18988833333332	0.0216268829777767	49.4199	-0.921906375856901	55.7752333333333	0.0801757321301089	4
9.18737999999998	0.0206093872965995	49.47265	-1.03323368181395	55.76405	0.0601654287241387	4
9.18504999999999	0.0199125173507874	49.4937333333334	-0.197397630815706	55.7955833333333	0.0553853347984333	4
9.18507333333332	0.0204130459011018	49.4879166666667	-0.78915803295579	55.7729666666666	0.0586000424210723	4
9.18296333333334	0.0203325931974365	49.4978666666667	-0.774154636032947	55.77795	0.0609541158355051	4
9.18097666666666	0.0204491173294794	49.5288333333333	0.0107109097321966	55.7963833333333	0.0747889894159106	4
9.18567666666665	0.0238890476974011	49.4933833333333	0.0268113017941984	55.80195	0.0846925496493158	4
9.18491333333332	0.0210849895311358	49.5007	0.217523365289147	55.81945	0.0828577349273326	4
9.18587999999999	0.0213478762339372	49.5697833333333	-0.487696941870988	55.8248333333333	0.0623745294243089	4
9.19190499999999	0.0206818488806458	49.60775	-0.756568190771603	55.8476833333333	0.0477775536498924	4
9.18819833333333	0.0207579820853566	49.58395	-0.498917389666834	55.8624833333333	0.0588256520969617	4
9.19226499999999	0.0221856209731275	49.6043	-0.590009475476742	55.8455	0.0820358540879061	4
9.19476666666666	0.0193470774165806	49.5676333333334	-0.34898993879901	55.8490166666666	0.0452703710739731	4
9.19388666666666	0.0197148407838895	49.6059333333334	-0.113635170390957	55.8681833333333	0.0687549053206366	4
9.19270833333333	0.0205207642848315	49.509	0.903728068553831	55.8403	0.0599876540970537	4
9.19823499999998	0.0188772444740104	49.6090333333333	-0.43892724739342	55.8561166666666	0.0344924907900826	4
9.19640166666666	0.0198671799362648	49.6406166666666	-1.35469428723525	55.8826666666667	0.0639363207210468	4
9.20168666666666	0.0200453198270112	49.5626333333333	-0.486245962527246	55.7799	0.0715406012493515	4
9.2003	0.0197616853282226	49.58765	-0.481793110586397	55.8111833333333	0.0377231177902781	4
9.211075	0.0190166268081013	49.641	-1.15411977804606	55.7635333333333	0.0948283849850354	4
9.20491166666666	0.0205143509495269	49.497	0.572106805177857	55.7274833333333	0.0761509410264183	4
9.20152333333332	0.0191629369480868	49.5111	0.596562804002426	55.7113	0.0510982105229146	4
9.20264833333332	0.0193955745229167	49.5462	0.285055785654057	55.6944333333333	0.0360613256694695	4
9.19821666666666	0.0198551445936214	49.5953666666667	-0.348272264420827	55.7915833333333	0.0686959134961715	4
9.19462666666666	0.0203775865174465	49.6248	-0.461648349338206	55.80785	0.0612560131949703	4
9.19810833333332	0.0211093803901564	49.6780833333333	-1.93573417809787	55.8082333333333	0.0767768871176757	4
9.19653499999999	0.0178207202937006	49.5730166666667	-0.0914053435846767	55.79015	0.0524785105333283	4
9.19895166666667	0.019752627023921	49.6090166666667	-0.0622126997245233	55.7931333333333	0.0755217931655354	4
9.19662333333333	0.0192542462560089	49.5724	-0.518024432424707	55.7382666666667	0.0546696912488358	4
9.20207333333332	0.0209323089541617	49.5914	-0.264562021869844	55.6894166666667	0.066074506396039	4
9.19882666666666	0.020409168997966	49.6100833333333	-0.677555578411529	55.73575	0.0707870104430021	4
9.19795833333332	0.0210161698750252	49.6091333333333	-0.334191193943542	55.7579	0.0856056587706642	4
9.19898333333331	0.0184626064054083	49.5565833333333	0.22136188934978	55.7371666666667	0.0552204109484063	4
9.19939833333332	0.0196595310003608	49.6528833333333	-1.28141391629296	55.71265	0.0653607524903268	4
9.20913666666665	0.0183209557042955	49.5407166666667	-0.152987917268298	55.7036833333333	0.0377190738363694	4
9.20395833333332	0.0178744442379873	49.5543833333334	0.201919495779043	55.7361	0.0653739439101921	4
9.201755	0.0185155705354644	49.5930833333333	-0.147942280596596	55.7417833333334	0.0664338824280454	4
9.20282666666667	0.019405607047028	49.5679	0.196157644922887	55.7497166666667	0.0731610926669779	4
9.198655	0.0197892732026676	49.4916666666667	0.394826827399545	55.75215	0.0759571299696112	4
9.20248666666666	0.0191061481479298	49.5101833333333	0.909229580320907	55.7144333333333	0.074126407533249	4
9.20216666666666	0.0181183888792995	49.53915	0.292034650271949	55.7369833333333	0.0529139024590557	4
9.19897999999999	0.0200552558900327	49.5244166666667	0.485399865964266	55.7384333333333	0.0692955758772397	4
9.20380999999999	0.0186241419786452	49.4706333333333	0.371095214735223	55.7385166666667	0.067213924018175	4
9.20370333333332	0.0187541511635513	49.4629833333333	0.136462297953543	55.7221833333333	0.0622388759829086	4
9.20269666666667	0.0182632755627066	49.5500166666667	0.0496240442226902	55.7269	0.0543724444168594	4
9.20072833333333	0.0187167052562224	49.57135	-0.40039600942194	55.7485333333333	0.0518447704786968	4
9.19924166666666	0.0181073573778056	49.6015166666667	-0.286793961657163	55.76185	0.0557025468790571	4
9.19949999999999	0.0185875180262804	49.6497	-0.693562740588499	55.7598666666667	0.0600537800406871	4
9.20339666666666	0.0181300069169017	49.65065	-1.35539087591909	55.7763833333333	0.0612616205971749	4
9.201045	0.0192450060733846	49.5907666666667	-0.101006438877822	55.7823	0.0470784775757192	4
9.19958166666667	0.0198121393426129	49.5683	0.261801156517339	55.7648333333333	0.0626234825362806	4
9.19718666666666	0.0198884658536611	49.60755	-0.3578599187581	55.8034333333333	0.0696685534845733	4
9.19833833333332	0.0192405178317254	49.5696333333333	-0.0988391348776968	55.7914	0.06097073485267	4
9.18666833333332	0.0193985094144213	49.6650666666667	-0.617024932432669	55.8344166666667	0.0596979094732824	4
9.18134666666666	0.0178303025316315	49.7289166666667	0.1017676857932	55.9127833333333	0.0448080999285738	4
9.19089833333334	0.0197177410659402	49.80605	-0.217604104604083	55.966	0.0894116361441063	4
9.18877333333332	0.0194125397631441	49.7119333333333	-0.226764800814072	55.9421833333333	0.072514754002358	4
9.18944333333331	0.0188921052724394	49.7013333333333	-0.71818213994289	55.9653166666667	0.0650221583265759	4
9.18551333333333	0.0180100089652144	49.7503833333333	-0.297211034952869	55.9831666666667	0.0598167162925438	4
9.19121666666667	0.0192625231183169	49.689	-0.535072127282394	55.9142166666667	0.0431112442238807	4
9.18725166666665	0.0203536757716615	49.73215	0.012099133748804	55.9618166666667	0.0934559611082493	4
9.18907	0.01881502347897	49.71175	0.267445187579579	55.972	0.0791366550309747	4
9.182795	0.0184761627324379	49.6994333333333	-0.322246506896678	55.9417833333333	0.0728232342479214	4
9.18647	0.0187389348540886	49.7068166666666	-0.275761406339764	55.9453166666667	0.0556720091147249	4
9.19074666666665	0.0184434113237669	49.68855	-0.126709484577057	55.9354	0.0794611513651241	4
9.19373333333333	0.0194791671316425	49.6921	-0.472753526776628	55.9108833333333	0.0655138985556097	4
9.18883666666665	0.0187453719756745	49.67565	-0.438534977413581	55.94475	0.072155346772063	4
9.18945166666666	0.0190502629400672	49.6858833333333	-0.475497682626578	55.9374333333333	0.0716442166913049	4
9.19786999999999	0.0190117203109548	49.6795666666667	-0.175013286123699	55.8959166666666	0.0531222739413567	4
9.19400166666667	0.0179447770189357	49.6683666666667	-0.224293792678041	55.8625166666667	0.0310245893001493	4
9.18836999999999	0.018952883324458	49.70215	-0.808730434671903	55.9206833333333	0.0667310543586654	4
9.19242333333333	0.0195655856661552	49.7108833333333	0.158472467606584	55.8931666666666	0.0906122614269391	4
9.19141166666665	0.0185322584942325	49.6363333333333	-0.563595469007824	55.8808666666666	0.0380358736407589	4
9.19249833333333	0.0204652071835101	49.6448666666667	-0.209452874305081	55.8912333333333	0.105164015026515	4
9.19266999999999	0.0190078913407573	49.6407666666667	-0.680687788262923	55.9045	0.0883543520457463	4
9.18985999999999	0.0181740904202752	49.6547833333333	-0.693484392974074	55.9134166666666	0.0723211509176705	4
9.1902	0.0194639343719453	49.6773166666667	-0.335243297291467	55.8981166666667	0.0711582365771412	4
9.18801999999999	0.0192024518467881	49.6782833333333	-0.84928609567994	55.8864166666667	0.0481766845875998	4
9.18917666666666	0.0205442343451946	49.6769666666667	-0.766572093093521	55.9096333333333	0.0932975859710344	4
9.19647499999999	0.0184990919327742	49.6272833333334	-0.461187001179269	55.8561833333333	0.0315172762237624	4
9.19364499999999	0.0182527874240598	49.6037	-0.0820952092364106	55.8614	0.0387649151175105	4
9.19262999999999	0.0201305364433198	49.6838166666667	-0.856952560271486	55.9086166666666	0.0712256123392932	4
9.19280166666665	0.018972055644584	49.7144666666667	-0.253834075668538	55.9086	0.0537152568043691	4
9.19683333333332	0.0183698477874781	49.7044666666667	0.211223953893459	55.8912666666666	0.0646654668186201	4
9.19757	0.018133481148535	49.7053	-0.579454615720905	55.86525	0.034461781828275	4
9.19379833333332	0.0188720583986634	49.7088333333333	0.18123559551804	55.8904333333333	0.054033061651293	4
9.19507833333332	0.0197452607670843	49.7070666666666	-0.476025089065161	55.9167	0.0804281551174288	4
9.18939833333333	0.0193069312219966	49.6466166666667	-0.232816101234584	55.90165	0.0812576619594642	4
9.191795	0.0197604090192405	49.6286833333334	-0.662371175783728	55.8665833333333	0.0576257039125107	4
9.18916833333333	0.0196366832596025	49.7251833333333	-0.126833827770331	55.8989833333333	0.0782004143356023	4
9.18651833333333	0.0181531142364893	49.6888833333333	-0.702047562526215	55.8936666666666	0.0579461078281314	4
9.18660499999999	0.0186598309339646	49.7089166666667	-0.320768000511075	55.9030333333333	0.0714844932021033	4
9.18850833333332	0.0193374375596797	49.6841333333333	-0.62383297167226	55.8945833333333	0.0599766315133118	4
9.19160666666666	0.0193371446744988	49.6883666666667	-0.84962334871124	55.91645	0.0685633259185765	4
9.19148666666666	0.0193928671005481	49.67995	-1.32094680778635	55.8901833333333	0.053715033298508	4
9.18923666666666	0.0190592781174809	49.6857	-0.336911835134328	55.9084666666667	0.051355677872242	4
9.18802333333332	0.0187124659748608	49.7065666666667	-0.074094961868224	55.9452	0.0783459948896831	4
9.18277166666666	0.017509440255254	49.5186833333333	1.24862559692322	55.93825	0.0758829663117568	4
9.18902499999999	0.018948336094089	49.7377333333333	0.268802686534681	55.92415	0.0792970867441022	4
9.18973999999998	0.0176453392333812	49.7117333333333	0.58908684046054	55.9460833333333	0.0955248289077403	4
9.18238666666666	0.0174953508412183	49.6733833333333	-0.286289018340233	55.9548333333333	0.0716117513949573	4
9.17813166666666	0.0173029858527729	49.7301166666667	-0.440822128832308	56.0457833333333	0.0489406737593859	4
9.17724666666667	0.0174353800173519	49.8084833333333	0.161229754379391	56.04845	0.0700235856149403	4
9.16807999999999	0.0161705311228375	49.85255	-0.648133187865262	56.1185833333333	0.0513295407286332	4
9.16606166666666	0.0176009712099867	49.8536333333333	-0.741510036533242	56.137	0.0450634204694539	4
9.16022666666665	0.0173044607782772	49.77125	0.578594144880979	56.1572	0.0770528764077757	4
9.16133166666666	0.0164456406295127	49.8527	-0.560320273151597	56.1799	0.075470883374241	4
9.16185666666666	0.018305863266691	49.8329833333333	0.048354114409317	56.24185	0.0707667031250335	4
9.16508333333333	0.0174409489436683	49.8857833333333	-0.487203416939092	56.2493833333333	0.0695550243507218	4
9.16098999999999	0.0176184728142702	49.9677	0.576960745772718	56.3305666666667	0.0542087511437497	4
9.15995166666668	0.0172456279491689	49.98585	0.134585787541408	56.3260833333333	0.0499878940146775	4
9.15460499999999	0.0176057446706754	49.93925	0.612802890703256	56.3419666666667	0.0636627679464126	4
9.14649000000001	0.0175556325355389	49.98565	-0.165462941104307	56.3598833333333	0.0781118475934551	4
9.14522499999998	0.0166668537830342	50.0019	-0.211176360754784	56.4031666666667	0.0714990024030594	4
9.14625666666667	0.0173491337812725	50.0483833333333	-0.624787674141778	56.3949833333333	0.061036663521077	4
9.14180666666665	0.0165348608984303	50.0482333333333	-0.706923768307614	56.4230833333333	0.083764255890992	4
9.13982833333333	0.017226727221777	49.9901	0.332395263934811	56.4349333333333	0.0674745065898814	4
9.13918333333334	0.0173500652302726	50.0567	-0.402538311525394	56.4390333333333	0.0950311218722248	4
9.13657166666666	0.0165562187063343	50.0925	-0.422814093924944	56.45025	0.0787404285278265	4
9.137945	0.0174178340570443	50.1048333333333	-0.284726937230762	56.4516	0.0771105743589428	4
9.13618333333334	0.0171588781895387	50.0762333333333	-0.359671294287391	56.4978833333333	0.0872145400073893	4
9.13608666666666	0.01731151745563	50.0398	-0.459380030126117	56.5164166666666	0.0607055387042948	4
9.13604666666667	0.0171202509876078	50.12375	-0.314004422987925	56.5604	0.0674946827786439	4
9.140705	0.0177338317813555	50.15815	-0.0314882560024007	56.5661166666666	0.0783653096172814	4
9.13843499999999	0.0169978622342406	50.0574666666667	-0.316876575001642	56.5418166666667	0.0710849316952912	4
9.14175333333335	0.0161707031889442	50.0433333333333	0.674758708649889	56.5353666666666	0.0975145302804623	4
9.143445	0.0159433567997271	50.0923666666667	0.710655077519776	56.5392333333333	0.0787958887912017	4
9.14492833333334	0.0167489524917682	50.3977833333333	-0.903818948612026	56.5006666666666	0.0569232807118992	4
9.14820999999998	0.0165830504613699	50.08795	0.405611580802639	56.4688833333333	0.0855611767786731	4
9.14954000000001	0.0173142920111222	49.963	0.324063798784528	56.4584666666667	0.0980012913554943	4
9.15234	0.016451509158412	49.8944833333333	-0.273169048275727	56.4295	0.090641686073446	4
9.15530333333333	0.0169638126745233	49.8105166666667	0.405245142977803	56.3496833333333	0.0775009003045943	4
9.15491833333332	0.015930619519844	49.7814833333333	0.49946120336443	56.3588333333334	0.0371881002776401	4
9.15579	0.0171173666316016	49.7161166666667	1.66568959722795	56.3406166666667	0.0685674458673235	4
9.15665666666667	0.0170122843435717	49.7334833333333	0.319779253328338	56.3247666666667	0.0479223831028873	4
9.15959333333332	0.0172794363456372	49.7673833333333	0.433710522348143	56.2817166666667	0.0879730489674706	4
9.16206666666667	0.0186704722251672	49.6633166666667	-0.0869306077125979	56.2400166666666	0.0935737707104511	4
9.17135166666666	0.0174234695944887	49.6428666666667	-0.53051392242127	56.2371666666667	0.0949986916353571	4
9.17043666666667	0.0171445583794276	49.6171833333333	-0.61749106657232	56.22535	0.0780842276658334	4
9.17922333333333	0.0177728231943056	49.7137833333334	-0.308718856056302	56.1801166666667	0.0724110422487347	3
9.18565166666666	0.0191680991214249	49.5877	-0.272600827862625	56.0893333333333	0.0771260616039154	3
9.18103166666666	0.0189923276985183	49.4837	0.543394765518752	56.0775833333334	0.0970270435246852	3
9.18388833333332	0.0185799503447555	49.6285833333334	-0.957944604986062	56.06375	0.0628831644630043	3
9.18713999999999	0.0177527180547247	49.5187333333333	1.09418026195004	56.0311	0.061291938253862	3
9.18969333333333	0.0201826208869248	49.5064666666667	0.510723664984057	56.01205	0.110971125424437	3
9.18890166666666	0.0176955894796965	49.4981666666667	0.610355004929281	55.98215	0.0694405794028002	3
9.18853999999999	0.018914756497391	49.43825	-0.243813374176313	55.9640666666667	0.0735529019042147	3
9.18752	0.0181847208792371	49.4795166666667	-0.317019067087673	55.94745	0.0769742252701005	3
9.184625	0.0179988232317991	49.3335833333333	0.243304433841318	55.9151	0.075390216512242	3
9.18480333333333	0.0181035231785054	49.4095	-0.181963601625383	55.9222833333333	0.0736568064827878	3
9.19978833333333	0.0174512016191477	49.3085833333333	0.237940641037952	55.7703	0.0636242411962351	3
9.19419166666665	0.0185672516889556	49.4555	-0.937657355335222	55.8254666666667	0.0414244121370961	3
9.19286666666665	0.0205204134421138	49.46845	0.167625336880216	55.7894166666667	0.0812385672095458	3
9.19005833333331	0.0185405281080781	49.46985	-0.155823731524129	55.8415833333333	0.0654616698991755	3
9.18464333333333	0.0180189880062719	49.4879	0.361575602627449	55.9296833333333	0.0736861166388265	3
9.18479333333333	0.0194374289700009	49.7394	0.35503363915963	56.01065	0.0798150032623112	3
9.18519833333333	0.0177965406372506	49.7683666666667	-0.18989641002354	56.0786666666667	0.0547232379192018	3
9.17321000000001	0.0168650511388649	49.7587	0.582792422104044	56.1727666666667	0.0723876959922995	3
9.17210333333332	0.0192506355003543	49.8078833333334	0.377778639730556	56.20005	0.0731458781581408	3
9.17214833333333	0.0190212866581744	49.8942333333333	-0.929024461892554	56.24015	0.0733673887283291	3
9.16324333333333	0.0181903528585187	49.9139333333333	-0.119932122979143	56.3373833333333	0.0695737851630978	3
9.15891999999999	0.0189434691923559	50.04705	-0.642667257315021	56.4732833333333	0.0588168924388069	3
9.15182166666666	0.0197424958095527	50.1276	-0.990070153046182	56.5434833333333	0.0432476086011421	3
9.12815666666667	0.0243526290118446	50.1320166666667	1.05524226685046	56.6301166666666	0.0948854959655734	3
9.11291666666666	0.0179517919331629	50.2614666666667	0.0951892174084149	56.7519	0.0474093961937682	3
9.10321999999999	0.0171927577251875	50.3567666666667	-0.479987659716141	56.8239166666667	0.075503573081164	3
9.090205	0.0171548863362216	50.4293	0.36539563758738	56.97605	0.04439019016687	3
9.08777	0.0186163381669053	50.52755	-0.45739876283591	57.04165	0.075269870398656	3
9.08353833333332	0.0187330387762337	50.5819833333333	-0.0359079607765535	57.1403833333333	0.0767527599385988	3
9.07399833333333	0.0189349558086276	50.6079333333333	0.969090171638626	57.2028666666667	0.0721677581107699	3
9.06878333333333	0.0188107982936121	50.6701166666667	0.182058305570175	57.2516333333333	0.0863549958643655	3
9.06251333333333	0.0190993314802869	50.7484166666667	-0.870607097037329	57.3255	0.0779935894801614	3
9.05722666666666	0.0189575209760705	50.8127333333333	0.389273296005083	57.4094	0.0570171547185877	3
9.04663333333334	0.0208878607513272	50.8678833333333	0.460985224787636	57.44545	0.0871418918892279	3
9.03831166666667	0.0188517951627155	50.9373	-0.307823532775508	57.5425	0.0828665457635327	3
9.03459333333333	0.0197964083913611	50.9561166666667	-0.833345426985022	57.62845	0.0577253652791405	3
9.03209666666666	0.0202102634025443	50.9792166666667	-0.49682519149734	57.68575	0.0724565620895068	3
9.01580666666667	0.0200739689466485	51.1135833333333	-0.645262434392804	57.8691	0.0805665742188162	3
9.01838666666666	0.0194394867464094	51.1813	0.397805166249152	57.91825	0.0755889026470817	3
9.01841166666667	0.0218826479436088	51.3247333333334	0.984936487584409	57.8922166666667	0.0730091918212738	3
9.00472833333334	0.0206372889057127	51.2461166666667	0.366354923621499	57.9960666666667	0.0535666436388771	3
9.00406166666666	0.0212186612017396	51.36695	1.0187674269145	58.02765	0.0456763948976655	3
8.99708333333333	0.0219043997125425	51.3848333333333	1.53154903937517	58.06465	0.0629115130526706	3
8.99450666666666	0.0217054178527503	51.5906333333333	0.31511853887327	58.0866	0.0605198384619263	3
8.98889333333334	0.0202009592217305	51.7152	-0.368305985069583	58.1834333333333	0.0523496609888712	3
8.98677333333332	0.0217648371411747	51.96325	-1.05637527433059	58.1866833333333	0.0927700805923299	3
8.98759833333334	0.0216015750342922	51.6460666666667	0.907785851791306	58.2279833333333	0.0834894678563585	3
8.98850500000001	0.0225361140333956	51.9532166666667	-0.965056066328868	58.20235	0.0799717799803176	3
8.98928666666667	0.0220670814191521	51.8023333333333	-0.0168943200650813	58.2780666666667	0.0682879910197551	3
8.992215	0.0210080382501206	52.0904333333333	0.192238967394745	58.2370166666667	0.0734135007365498	3
8.98690166666667	0.0204753689044955	52.0316333333333	-1.22912716885354	58.2525	0.0307898838768924	3
8.99420833333334	0.0226916235688238	52.0691166666667	-2.19371713245155	58.1884666666667	0.066036062737878	3
8.99313666666667	0.0237414704245282	52.05805	-1.24330436372376	58.2506666666667	0.0877356713235774	3
8.99007666666666	0.022243847917402	52.08485	-1.27705041604869	58.2791333333333	0.0640371890538687	3
8.98772833333334	0.0224254922292711	51.8707666666667	-0.0638275263876893	58.2662	0.0525149857546742	3
8.98070166666668	0.020312894591861	52.0502166666667	-2.24863036071439	58.3255	0.0434630175931797	3
8.97987833333333	0.021511425637177	51.8977166666667	0.157183489241362	58.36045	0.075981136151334	3
8.98327666666667	0.0211045601625568	52.1047166666667	0.531051905980903	58.2636166666667	0.0514442570353665	3
8.98375833333334	0.0228860849724127	52.0867333333333	0.17134649160317	58.2234666666667	0.0695646185800803	3
8.990005	0.0229238044330081	52.0920166666667	0.600455241797834	58.2482833333333	0.0960630251567163	3
8.98253166666667	0.0208400137758877	52.0957	-0.450869664228853	58.2690833333333	0.0362740471573699	3
8.98106833333334	0.0230379739624831	52.0955	0.237031470469539	58.2732666666667	0.0673719417196319	3
8.97463166666667	0.0214958006666276	52.1683666666667	-0.390349955055651	58.3937833333334	0.058152951938909	3
8.98086166666667	0.0216914744541616	52.1887666666667	-0.288425342154073	58.3211666666667	0.0851678634917616	3
8.98166166666667	0.020977940489974	52.1364	-0.850070711553002	58.25435	0.0570426022773879	3
8.98323666666668	0.0219261316158357	52.09665	-0.00773562485530456	58.2230833333333	0.0506557981578181	3
8.98188000000001	0.0229997953101148	52.0870833333333	0.163000936725087	58.1966833333333	0.0773294715819346	3
8.98012166666666	0.021722414753585	52.0362833333333	-1.5388659051665	58.2629833333333	0.0547891154805516	3
8.974895	0.0225615235650423	52.0923666666667	-3.13535006367182	58.2940666666667	0.0827872230104701	3
8.97522500000001	0.0207371105651435	51.9930666666667	-0.579497727294418	58.3156666666667	0.0590497252872288	3
8.97271666666666	0.0216455678273059	52.12875	0.207788501143098	58.33195	0.066701567841711	3
8.97642000000001	0.0221980070997075	52.1382166666667	-0.939887037208218	58.2879166666667	0.0723658997479313	3
8.97417999999999	0.0218797197627123	52.1416166666666	-1.69719148182576	58.31335	0.0707906498182841	3
8.97071833333333	0.0225900312765908	52.13515	-3.14560839682017	58.3048	0.0877501847021084	3
8.96683666666668	0.0211255090852838	52.1498	-1.413621536382	58.4086166666667	0.0425986757439862	3
8.96625666666667	0.0226171767327657	52.2348666666667	-1.06462423896658	58.4114833333334	0.073838690805614	3
8.96642666666667	0.0224124627465651	52.2954833333333	-1.14074101770003	58.4572666666667	0.0623967259752413	3
8.96192	0.0239156196122059	52.31765	-0.625730321081226	58.4945333333334	0.0549633056843514	3
8.95757000000001	0.0236840309534436	52.3133666666666	-0.191826464155927	58.4944333333333	0.0765690929076518	3
8.95620666666667	0.0216519121030551	52.3166333333333	2.43596209820901	58.5385333333333	0.0816278173478372	3
8.95602333333333	0.0227802770819139	52.3160166666666	-0.907310749413248	58.5253666666667	0.0610459584210785	3
8.96002500000002	0.0227155828564339	52.3169333333333	-0.977994173239429	58.4995	0.0625355492120623	3
8.960665	0.0225214297873406	52.3114333333333	-0.732837430525989	58.4741333333333	0.0705665851366858	3
8.96578166666668	0.0237214074732031	52.3124833333333	-0.972017976478527	58.47215	0.0715036623454603	3
8.95629833333334	0.0228513231309907	52.3222666666667	1.71003639498022	58.5332333333333	0.0499489117530175	3
8.96265500000001	0.0226420791428965	52.3124166666666	-0.698556359806119	58.4680666666667	0.0576455759740375	3
8.971475	0.0212379642828151	52.3049	-2.1046532317691	58.36535	0.0677122087982587	3
8.96328333333334	0.0233537731445914	52.28505	-0.550802542408781	58.4302833333333	0.0535154315354869	3
8.96622833333333	0.0234223655773199	52.3117	-1.71936694582079	58.3890333333333	0.0669813955112367	3
8.96560833333334	0.0222801617266684	52.2791166666666	-0.203511509110874	58.4189166666667	0.0609382270346313	3
8.96276666666667	0.0230606854678252	52.3179833333333	-0.931731207496897	58.4725	0.0426330420118765	3
8.97163333333333	0.0234273406380489	52.3106166666666	-0.189201006135204	58.4287833333333	0.0707844883100162	3
8.962425	0.0216234517235509	52.3149333333333	-0.673308516678783	58.49955	0.0713374470802832	3
8.96942833333333	0.0225909742467632	52.3179166666666	2.7943310729117	58.45645	0.0734324144470644	3
8.97826166666667	0.0224048318756136	52.3133166666666	-0.890034769644445	58.3421166666667	0.0795934780708351	3
8.97929166666667	0.0212679054812995	52.2670333333333	0.181517597033411	58.3455333333333	0.0736483782293897	3
8.99037499999999	0.0223610017440707	52.2208	-1.74301370536006	58.2473833333333	0.0787487081770114	3
8.98926666666668	0.0215158183581659	52.1463666666667	-1.00276978009399	58.2252833333333	0.0490689904034008	3
8.99280666666666	0.022406830781371	52.111	1.0179577783029	58.1673333333333	0.106688945413508	3
8.99594333333334	0.0216954205846794	52.0486833333333	-1.66849948694207	58.1304	0.0709722313804403	3
9.00121666666667	0.0225847997006412	52.0707166666666	-0.318725219466377	58.1141166666667	0.081417128849258	3
9.004765	0.02192382719017	52.0206666666667	0.299910172267167	58.0328	0.0505799585151057	3
9.00966500000001	0.0221464116185737	51.9576166666667	-0.0806412971456053	58.0019333333334	0.0797128036983164	3
9.01539500000001	0.0207246590842148	51.9092833333334	-0.877713171843585	57.9137	0.061328595370916	3
9.01832	0.0219495003955144	51.9090333333333	-0.72764990388116	57.9114	0.0918857433474226	3
9.01254833333334	0.0217343422554648	51.8942333333333	-1.43779633882887	57.8897833333333	0.0898684710585166	3
9.01742499999999	0.0210322363673247	51.6200833333333	-0.0807861315537454	57.8905666666667	0.081331163720251	3
9.02666500000001	0.0208313710149845	51.75195	-0.607478972753984	57.8073333333333	0.0715510169221852	3
9.03005333333333	0.0216789556348529	51.3798833333333	0.516147972989762	57.7684666666667	0.0643197696541392	3
9.02086666666668	0.0222634601605281	51.3371166666667	0.338434937544091	57.7883166666667	0.091594258510511	3
9.02583333333333	0.0210413113547636	51.3059833333333	0.85002389117719	57.7640333333333	0.0608000241599706	3
9.02683666666667	0.0207686996953094	51.5737333333333	-0.48553831691975	57.7380833333333	0.0600856145299879	3
9.03278833333334	0.0231624919271657	51.4999833333334	-0.655745347028935	57.68055	0.0955315947381832	3
9.02727166666667	0.0215022892881186	51.36595	0.139568237983666	57.6930166666666	0.0856420401412069	3
9.02633833333333	0.0197537561497958	51.3544333333333	0.385003888594714	57.6921666666666	0.0843562193997128	3
9.02895666666667	0.0208797684399451	51.4483	-0.471528330146407	57.6421666666666	0.0637506175886784	3
9.02788499999999	0.0208404810665479	51.3223	0.145858043063852	57.5889	0.0702134035202566	3
9.03229666666667	0.0216615795577589	51.1477166666666	1.52000182804173	57.5598166666667	0.0824901620568067	3
9.03248833333334	0.0214158257653284	51.2583833333333	0.481642190909627	57.64975	0.0705490873705221	3
9.03227999999999	0.0232627784547703	51.4405166666667	-0.601776974684336	57.5718666666666	0.0861670562449531	3
9.04053	0.0214268745174366	51.1851166666667	1.38499721924391	57.5431833333333	0.0757159033664584	3
9.03950666666668	0.0213936775228604	51.0339666666667	0.364177538777446	57.55415	0.0684389682336116	3
9.04449666666666	0.0212098975751291	51.1243	1.11686572109624	57.5545166666667	0.0866509639186004	3
9.04258666666667	0.0210432218112123	51.3666333333333	-0.373340029570596	57.53875	0.0593925821425482	3
9.04813333333333	0.0200815255480284	51.3524333333333	-0.389701128982431	57.5519833333333	0.0704427864170071	3
9.052675	0.0205565154037004	51.4711833333333	-1.59907514213988	57.47755	0.0777131677431689	3
9.05110833333334	0.0209286074127246	51.4044833333333	-1.02700362958298	57.5191833333333	0.0747643737479349	3
9.04939333333334	0.0198130314670778	51.3248833333333	-0.180630307692488	57.5012166666667	0.0828926386841593	3
9.05310333333332	0.02088219574312	51.2605166666667	0.0981492900528625	57.472	0.0741247231109246	3
9.04658	0.0202833089271711	51.084	1.61955478216352	57.5428666666666	0.0482361657225753	3
9.04535666666665	0.02031996449679	51.1233166666667	1.10929781290275	57.6305166666666	0.0384330770616852	3
9.04039500000001	0.0215428053520751	51.3752	-0.192034409403746	57.6907666666667	0.0618481921324829	3
9.04249333333334	0.0225922694733283	51.5281166666667	-0.211660047704641	57.6871333333333	0.0947513188793619	2
9.042995	0.0224958903685196	51.4830666666667	-0.560095494550626	57.6183833333333	0.0699266181143063	2
9.03951	0.0215921343806455	51.33545	0.165912209879722	57.6202833333333	0.108136776488753	2
9.04013666666666	0.0216351131054905	51.3644	0.0629771719877284	57.62215	0.0448722574819393	2
9.04690999999998	0.0216710549898697	51.4124	-0.516304998630443	57.5731333333333	0.0621031036279668	2
9.04041833333333	0.0212301954588488	51.4135666666667	-0.450182900240349	57.6451333333333	0.082226117890102	2
9.04629333333334	0.0230026627381258	51.3635333333333	0.279542820093933	57.5900666666667	0.0662519246069452	2
9.04466333333333	0.0219530533139523	51.2167833333333	0.672112201333954	57.5779333333333	0.0683160319836324	2
9.04838333333334	0.0208727695751775	51.3886333333333	-0.473884945860314	57.56895	0.0816107804859474	2
9.04853166666666	0.0234383857614112	51.2336333333334	1.05789039066557	57.5896	0.122698914945543	2
9.048695	0.0218831768881455	51.1764166666667	0.738280413439312	57.5353166666667	0.0850914745409196	2
9.050845	0.0217583704845646	51.0674833333333	0.640292923892569	57.4577333333333	0.0671729027961164	2
9.04499499999999	0.0243141990503306	51.1656833333333	0.448459603110609	57.4722666666666	0.0931675848675737	2
9.04161666666667	0.0222807939382723	51.22185	0.236085372959368	57.5420333333333	0.0750732899908917	2
9.03421999999999	0.0215040066927011	51.07585	0.189787752257614	57.6442333333333	0.046732693403745	2
9.02843833333333	0.0218394398381222	51.3407666666667	-0.246854776175251	57.6666	0.0710533816988851	2
9.02081500000001	0.0225007684899367	51.2442166666666	1.36193386126399	57.7294333333333	0.0602298891583122	2
9.01044999999999	0.0224611889344096	51.40385	-0.355395203559006	57.8141833333333	0.0695307496093846	2
8.99745166666667	0.0219380139936488	51.37265	0.38824897499109	58.0373	0.0487495501934919	2
8.99242500000001	0.021952240807279	51.7170833333333	-0.29471213844376	58.0693166666667	0.0571369130786592	2
8.98623333333334	0.0243066570754982	51.92155	-0.67431084649891	58.1507166666667	0.0870649653539837	2
8.98663833333333	0.0225110070770188	51.87205	-0.341575613299889	58.1684333333333	0.0835121764524151	2
8.98129333333333	0.0246374165185815	52.12905	-0.720648409102761	58.2600166666667	0.0650951042619185	2
8.98028	0.0237071363487121	52.2157166666667	-1.28433715561397	58.2922666666667	0.0635486912390186	2
8.97187000000001	0.0223657508559908	52.2503666666667	0.96408990642753	58.3658833333334	0.0702016687393209	2
8.97518500000002	0.0230892318924277	52.3193	-0.968556950763147	58.39715	0.0746830194209535	2
8.96729833333334	0.0226928977855495	52.32455	2.35964135765493	58.4549833333334	0.0604742532879447	2
8.96587333333334	0.0226164348966546	52.3312	1.60615564388411	58.4677833333333	0.0768110363862801	2
8.95805999999999	0.0223899959773656	52.4062833333333	0.864775649055582	58.5699666666667	0.0627845297437294	2
8.95946833333331	0.0230791408373855	52.47495	-2.71655091327989	58.5505	0.0802944791989494	2
8.95611	0.0217149825568833	52.484	-1.94615706388866	58.5747	0.044095159040959	2
8.958325	0.0226727324406921	52.4901833333333	1.10021040528168	58.59045	0.0447461483997243	2
8.96088833333333	0.0226060667590084	52.4895833333333	-0.238577663895477	58.6112333333333	0.0506558232524014	2
8.95301666666668	0.0258010182575695	52.4860333333333	-0.250717039049924	58.5872833333333	0.065307640082209	2
8.93574499999999	0.0245175139267541	52.5255833333333	-0.42974230837145	58.8160833333333	0.0887409659601918	2
8.93403500000001	0.0237113366868917	52.6413833333333	-0.464336584314926	58.8665833333334	0.0452174751229787	2
8.934545	0.0243301164391632	52.6712	0.575401582078679	58.8423333333333	0.0444490440181151	2
8.93175666666667	0.0242272378528559	52.7081666666667	-2.06180385136943	58.86885	0.0533357847247359	2
8.93188	0.0237313624262144	52.7146833333333	-0.705809471984485	58.8838166666667	0.0647591343381457	2
8.924245	0.0252487122599281	52.7176166666667	-2.43699592935419	58.9599166666667	0.0800030278381811	2
8.921205	0.0239672768359602	52.7381166666666	-0.0847215909282878	59.00655	0.063036288983518	2
8.91824333333334	0.0249577430293169	52.7643333333333	0.0734491482323878	59.0149833333333	0.066868576305879	2
8.91703500000001	0.0268632306993409	52.8061166666666	-2.9743634510959	59.0294166666667	0.0687006011536298	2
8.91332666666666	0.0248666551789447	52.78395	-0.347633721768148	59.0538	0.0693751286454761	2
8.91607500000001	0.0254150726577163	52.8149166666666	-0.620436586571491	59.0719	0.0660515207230733	2
8.91114333333334	0.0263129259555602	52.8724666666667	-0.631079061825145	59.1092666666667	0.0536674842903652	2
8.91659000000001	0.0276434229317869	52.84245	0.783898017018687	59.05355	0.0524215071013766	2
8.90866999999999	0.0261733230229454	52.8222833333333	1.70288163837528	59.1198	0.0867640087843977	2
8.90404166666667	0.0251318379621244	52.8998333333333	-2.74188300049755	59.1620666666667	0.085300638157381	2
8.90909333333334	0.0255326813826228	52.8679666666667	-0.169078467326333	59.1350833333333	0.0497533890053149	2
8.91139166666667	0.0243919359924133	52.89665	-0.683683066010691	59.1582666666667	0.0820582403068692	2
8.90800666666667	0.0258919023357979	52.92165	0.788461805773648	59.1966	0.0827334293921326	2
8.90420666666666	0.0267875576396216	52.9518833333333	-0.767204976969113	59.2284166666667	0.0710352721329732	2
8.91006000000001	0.0264759266344338	52.89425	1.44555652181544	59.2322333333333	0.0766827863181434	2
8.91073166666667	0.0259860563076867	52.8962166666667	2.49330220446027	59.2428833333333	0.0799828565670962	2
8.909035	0.0242335004881641	52.9637666666666	-2.01565208039161	59.2868	0.0698722320636694	2
8.91083	0.0277811222100924	52.9715333333333	0.251166144106473	59.2816666666667	0.0767800438997198	2
8.90819000000001	0.0259892214720103	52.9712	0.330907272123294	59.2727333333333	0.0589265174881122	2
8.90776166666668	0.0272172646748872	52.9701166666666	-0.462977015764894	59.3081833333333	0.0544390474476338	2
8.90682500000001	0.0258619884336627	52.9865333333333	0.497857506021578	59.3116	0.0638072308744421	2
8.90049333333334	0.0250768426165439	52.9875666666667	0.595355596294011	59.3389666666667	0.0660505627240086	2
8.91378166666666	0.0278098239429004	52.982	1.00635548252168	59.2808	0.10097386807436	2
8.90977166666667	0.0259917065986198	52.9741	-0.248698338916166	59.32565	0.0491741371323563	2
8.91897333333334	0.0250592477684404	52.957	-1.38755599692609	59.1872166666667	0.063648156714137	2
8.91655666666666	0.0260240056551534	52.8929166666667	1.38128167531668	59.1670833333334	0.0709450232763621	2
8.92607833333335	0.0255188338688428	52.8793833333333	-0.895499718887186	59.0804	0.0648268096873306	2
8.933755	0.0248157479014136	52.80745	-2.24158370418194	59.0141166666667	0.0833164463115704	2
8.92937166666667	0.0261510355114176	52.7777833333333	-0.169961263444486	59.0353	0.0763553911830193	2
8.931565	0.025640296729184	52.7834	-0.24757989220326	58.99835	0.0948713357078053	2
8.91330166666667	0.0279098955151813	52.7914333333333	-0.782967617766349	59.0248166666667	0.070276329082975	2
8.90831833333333	0.0253066732320221	52.8021666666667	-1.2749456237684	59.0441	0.0550564271406303	2
8.90255166666667	0.0255968617107244	52.8025	-0.515538061738977	59.0798666666667	0.0655414131382461	2
8.89694500000003	0.0255476635628884	52.8571166666666	-0.490641996338938	59.1011833333334	0.090945782259182	2
8.88936333333335	0.0265536529130602	52.88115	-2.25938227794672	59.1483	0.0894090390910585	2
8.88169166666668	0.0280477757900129	52.95765	-1.97728875532297	59.2100666666667	0.0967517996445713	2
8.88167333333333	0.027961097866119	52.9715666666666	-0.00556467368612265	59.2168166666667	0.0835146372366442	2
8.88082833333334	0.0267306267772018	52.96475	-0.186651386911483	59.2219333333333	0.0806521862149002	2
8.88205166666667	0.0267125113194274	52.9722833333333	0.345566869932754	59.2397833333333	0.0885644631005782	2
8.88077833333333	0.0252964235739285	52.9953	-0.447578566948339	59.2596166666667	0.0790923278686594	2
8.87533166666669	0.0258390742898389	52.9857666666667	1.36977696955659	59.2853666666666	0.0756557696426778	2
8.87597166666667	0.0270838221008077	52.98455	0.0775827627892857	59.2889666666667	0.0695605983021861	2
8.86854500000001	0.0261402019616846	52.9886833333333	0.666229091616042	59.3191333333333	0.0500499637368153	2
8.87408666666667	0.0238840232477637	52.9835166666666	0.252078972044969	59.3036333333333	0.0392700199042075	2
8.87109000000001	0.0276123638562429	52.9924166666667	0.389203277724311	59.3409833333333	0.0421049905116807	2
8.86849500000001	0.0263050039038958	53.0135833333333	-0.0240478837006987	59.3653833333334	0.0528362008881579	2
8.87300166666668	0.0265340364256418	52.9931666666667	0.502160737718804	59.34065	0.0670193053391003	2
8.87030500000001	0.0263000277712391	53.0342	-1.44018957098031	59.3830333333333	0.0668806086934702	2
8.86910833333335	0.0281739753205772	53.0449833333333	-0.615064885106111	59.3762	0.0682062674191617	2
8.86739499999999	0.0255614544759267	53.0496833333333	-1.13331830566331	59.3717	0.0410664199493653	2
8.86628166666667	0.0270011870861695	53.0113666666667	0.460083615590409	59.3896333333333	0.0591318454070471	2
8.86119500000001	0.0279000178014675	53.0604166666667	0.921825866234746	59.4231666666667	0.0657893831697263	2
8.85751333333335	0.0269812862041627	53.0509666666666	-1.02475889337318	59.4074833333333	0.0630715202501626	2
8.86942833333333	0.027204994334683	53.0039333333333	0.0477321034944594	59.3305166666667	0.0697971617281867	2
8.87404	0.0260853562307055	52.99475	0.822490338277633	59.31965	0.103022101462892	2
8.87438833333333	0.0265399348930833	52.9837833333333	-0.66247893835997	59.3264166666666	0.0599820005958469	2
8.88112166666666	0.0262663294732162	52.9723833333333	0.433795085517395	59.2162	0.0874058912803269	2
8.88618	0.0243455425571911	52.96415	0.0493501676124103	59.1745	0.0799507263510958	2
8.89122666666667	0.0267793548334854	52.8882833333333	0.388025857179513	59.1407333333334	0.103955640257	2
8.89937833333333	0.0267303707123486	52.81965	1.34745379841394	59.0214666666667	0.0988403037718805	2
8.903105	0.0251875895256014	52.7782666666666	-0.150161962467483	58.9829666666667	0.0558496670601936	2
8.90984166666667	0.0258545423376248	52.7371	0.469613652379054	58.9202333333333	0.0606396320219	2
8.90962666666668	0.0264034567137135	52.7374333333333	0.816815028026444	58.9605	0.0979795032180064	2
8.91308666666668	0.0259413584652113	52.7229833333333	-0.00139443368137116	58.9144	0.0841405603636265	2
8.92319833333333	0.0238706656453651	52.7077166666667	-1.92805886502013	58.8385833333333	0.0856770229401503	2
8.92711166666667	0.0243906547120893	52.6463	1.8349650279485	58.7754666666667	0.100065481385799	2
8.92616	0.0245310147461152	52.61435	-0.46522939479117	58.7485166666667	0.0720224756978658	2
8.93298166666669	0.0223249188253056	52.56275	0.389466109855187	58.6743333333333	0.0643611807063934	2
8.92992333333334	0.0244819606967011	52.5475	-0.61768497701451	58.7051833333333	0.0557653958878718	2
8.919835	0.0249588865609814	52.5596333333333	-1.46537033140063	58.78115	0.0621430348443082	2
8.91974833333334	0.0261286466197388	52.5681833333333	-0.751618712840665	58.7453666666667	0.067590483400606	2
8.92244166666667	0.024391559554856	52.62085	-0.382045883586656	58.7970166666667	0.078844943663135	2
8.92139833333333	0.0238332338471915	52.63515	-0.793083493086397	58.7616666666667	0.0727215881188723	2
8.92271333333335	0.0243426668891136	52.5829333333333	1.44776676414224	58.7095666666667	0.0855808402972805	2
8.92343666666667	0.0243326142399141	52.56785	-0.532804034779997	58.70525	0.0932570031904717	2
8.93132666666666	0.0257346798140326	52.5445333333333	-0.724136036777768	58.6526	0.115734676109787	2
8.93454333333333	0.0245512945822618	52.5131666666667	1.1245719176986	58.6104666666667	0.0769028589684032	2
8.938235	0.0229445097109627	52.51025	-0.302747262056164	58.6034333333333	0.0508611825167846	2
8.940795	0.0238776019480877	52.4966333333333	-1.15779883164378	58.58145	0.0696464254378587	2
8.94258333333333	0.0232928598019181	52.4935166666666	-0.218522688205475	58.5329833333333	0.0746956517842922	2
8.93242333333335	0.0225174565312474	52.48995	0.0911103551404146	58.66795	0.0611836427126829	2
8.93337666666666	0.0240531157271262	52.4937833333333	0.991905809609916	58.5690166666667	0.0795341290492066	2
8.93531166666666	0.0236084051107936	52.4863166666667	-1.11313648273377	58.5701333333333	0.0710606011763766	2
8.944	0.022796918633124	52.3779166666667	0.466085258392324	58.53885	0.0802527416501944	2
8.94438166666668	0.0240722201620064	52.4029333333333	-1.0802243305974	58.5336166666666	0.0899663009728334	2
8.94795166666667	0.0238832580254888	52.39885	-1.85322211594182	58.4827333333333	0.069283467508898	2
8.94517999999999	0.0230005647023658	52.3516166666667	0.759804463040706	58.4527	0.039183315370063	2
8.93891166666667	0.0237226714161951	52.3926166666667	-0.363610704397133	58.5506	0.071963550095676	2
8.93717666666668	0.0239167055331936	52.4636833333333	-1.75854314493245	58.528	0.0928324534135539	2
8.937225	0.0239664005556249	52.4176666666667	0.76542562116374	58.52455	0.0560633494588254	2
8.94381833333333	0.0229915132173213	52.3878333333333	-1.80436313565967	58.4583666666667	0.0535454714623401	2
8.93678833333335	0.0239359927752981	52.3729666666667	-0.894398089995053	58.5209	0.0578957859770324	2
8.94238333333334	0.0234391135133714	52.3913333333333	0.036701357828925	58.4805166666667	0.052070516615115	2
8.94232833333334	0.0243571203705089	52.3641	-0.472716058716431	58.4783833333333	0.0805849570995387	2
8.94905	0.0236149728966218	52.34255	0.846191738034225	58.41115	0.0823493642756898	1
8.95093000000001	0.022390339706824	52.3182833333333	0.244352225048758	58.3620333333333	0.0886747946658998	1
8.95495666666667	0.023708682479852	52.3142	-0.228017225538912	58.3063	0.102319920356179	1
8.95927166666667	0.0238338264383497	52.2392333333333	0.408729444139565	58.2410166666666	0.0945615200461922	1
8.96275833333333	0.0225212182769201	52.1490666666666	-0.954560822717539	58.1892666666667	0.0945190980014397	1
8.96386666666668	0.0230943240189455	52.0949	1.12251459127329	58.15345	0.0905784471314555	1
8.97074666666666	0.0236191079281393	52.0830833333333	1.7976928947437	58.1105	0.0962406059690407	1
8.97782166666666	0.0233750690618224	52.0387833333333	-0.300121740293303	58.01955	0.0657853275589152	1
8.97989833333334	0.0223252927203049	51.9203666666667	0.367247777633952	57.96395	0.0842690254130638	1
8.98098833333335	0.0216372012519854	51.897	-1.8557947393912	57.9705666666667	0.0787244425391957	1
8.98406	0.0232179856597601	51.7777166666667	-0.427316562437348	57.92045	0.0627630532037571	1
8.993555	0.0222141716937649	51.8808166666667	-3.82257498153488	57.8344666666667	0.0408691449096958	1
8.99229166666668	0.0225374464253276	51.5798833333333	-0.461097917117413	57.8239666666667	0.0600801630215877	1
8.98680666666668	0.0232536845531567	51.6875833333334	-0.735007277191311	57.8494833333333	0.0858381392982861	1
8.98211833333334	0.0213059671833562	51.5832166666667	0.455721800301658	57.9736333333333	0.0692489898761708	1
8.97677833333334	0.0224188210316608	51.6942	-0.183209837180229	58.00255	0.0566219772269097	1
8.97421166666667	0.0233324710270745	51.8616	-1.39396687771567	58.0128833333333	0.0797334737494752	1
8.96941	0.0224160515169231	51.77315	-0.28645943518773	58.0667166666667	0.0641846097152102	1
8.95755000000001	0.0234707397847491	51.7208333333333	0.591675347518675	58.2533	0.04532305882238	1
8.95557333333333	0.0234569464363064	52.12675	-2.43426725882112	58.2678166666667	0.0822180836363641	1
8.94768500000001	0.0243358342720399	52.2289	-1.10781750175039	58.3557666666667	0.0754845065855451	1
8.94589	0.0237973757338851	52.3087	-2.74177704652779	58.3901666666667	0.0747169045076753	1
8.93566333333334	0.0255598415107041	52.3205166666666	2.40978859099109	58.48065	0.0857844806398231	1
8.92183166666667	0.0252350551925923	52.4042333333333	-0.337617658091449	58.6137666666667	0.0718261476081384	1
8.91694833333334	0.0259601401900432	52.4751	-2.33115119609837	58.6640666666667	0.0342230305380614	1
8.91447	0.0244866308793125	52.4961333333333	0.517984572044319	58.6647333333334	0.0755438735845482	1
8.91887166666667	0.0253045265185124	52.5008333333333	1.11040749254646	58.6881333333333	0.0928130007452869	1
8.91307000000002	0.0262350063706003	52.4964166666666	1.44257064656052	58.7167	0.0816946153029162	1
8.91143333333333	0.0252822904930807	52.5449166666666	-1.80811528183574	58.7428166666667	0.0685626007819764	1
8.90393	0.0253108573376185	52.5507666666666	-0.558257937119044	58.7710333333333	0.0630036228892836	1
8.90565500000001	0.0252673050173156	52.5509666666666	-0.280837340056796	58.7317666666667	0.0804568242287235	1
8.91277333333334	0.0239157247860543	52.56215	1.58084226280617	58.6942666666667	0.0825011282237527	1
8.91116166666667	0.0257319986945616	52.5283666666666	-0.109677310923261	58.7141166666667	0.0672649937079538	1
8.91345000000001	0.0243663778038263	52.53955	0.0851968283445919	58.6613833333333	0.0563830999041582	1
8.913155	0.0253037831968553	52.5181666666667	0.952620831670289	58.6791166666666	0.0563626549237756	1
8.90372000000001	0.0253338628653324	52.5522166666667	0.13353154762129	58.8230833333333	0.0763280812591305	1
8.90438666666668	0.0253163059667458	52.6125166666666	-0.342276124322331	58.8030833333334	0.091613649280351	1
8.90696166666667	0.0255093723433396	52.59525	0.215174465372228	58.7359	0.0880665580346347	1
8.90159166666668	0.0251133310457994	52.56805	-0.683913409526461	58.7777333333334	0.0496952975528871	1
8.91104666666667	0.0252898619493646	52.5629166666667	-1.49416501027203	58.6802333333333	0.0469436613892953	1
8.907135	0.0260458073747581	52.5569833333333	-1.19095900547988	58.74	0.082194065520447	1
8.897345	0.025062845383113	52.5695333333333	0.0795146286585589	58.79885	0.0676966876990563	1
8.90191833333334	0.0241777294541516	52.59495	0.691997550734503	58.8119	0.0683159906337536	1
8.89912666666667	0.0254670028850825	52.6278	-0.783006657279527	58.8506166666667	0.0629363659436421	1
8.904685	0.0271908319826097	52.6557	0.215828169704514	58.7781333333334	0.102035797418367	1
8.90578333333334	0.0236161511091648	52.58235	1.61999199128539	58.8082	0.0645460812921238	1
8.905665	0.0272770263887828	52.5961166666667	0.533489625664062	58.7728333333333	0.0863664181964864	1
8.90336166666666	0.0256011698375414	52.5759166666667	2.22281440419932	58.7820333333333	0.0849436436637252	1
8.89979333333333	0.0260578646363159	52.5753166666667	1.62642038342342	58.8434833333333	0.0527872261341492	1
8.89510166666666	0.0237880456479398	52.6000666666666	0.028498269817534	58.85395	0.0426182999605271	1
8.89555833333333	0.0248623575966626	52.5906333333333	0.474573753708018	58.83805	0.0727499606849447	1
8.89333166666666	0.0240549245730664	52.6184333333333	-1.43168731511117	58.8835166666667	0.0408496589063894	1
8.89129500000002	0.0246653320677021	52.63615	2.52265213618176	58.9260166666667	0.0541868993069091	1
8.88733	0.0249244152882758	52.7080666666667	-1.63413194772037	58.9473166666667	0.0709498490022797	1
8.88277000000002	0.0260640747643611	52.7156333333333	-2.62720175803528	58.9861666666667	0.0729244249302827	1
8.88371666666667	0.0265224834011667	52.72035	-0.295379943606542	58.9627333333333	0.0654889993781246	1
8.88429666666668	0.0256490762812039	52.7274166666666	-0.271806707250494	58.9541	0.0676831351199177	1
8.89297333333334	0.0256337232664914	52.71935	0.923347078437901	58.9621666666667	0.0735711731191254	1
8.89242000000001	0.0261206319286866	52.7231833333333	-0.163986220463368	58.9683833333333	0.0721112820968378	1
8.89435166666667	0.0253359661849796	52.6860166666667	-0.343531531824935	58.8956166666667	0.0703791407046697	1
8.89644166666666	0.0263585764944463	52.6824333333333	-0.595822561619714	58.91825	0.0611487835432034	1
8.89970833333335	0.0252073855122427	52.65045	1.46362683647362	58.8916	0.0588402606315305	1
8.89585166666666	0.0255440239420915	52.6426	-0.666476523394236	58.8953166666667	0.0186115434078583	1
8.908815	0.0247414161098052	52.6123	-0.476926458163063	58.8039333333333	0.0818265769818395	1
8.91369	0.0253294268873986	52.5551833333333	-1.13476543841219	58.7135	0.0833026949327018	1
8.90666166666667	0.0252461775262785	52.5136	1.55286401351975	58.7633333333333	0.0694161283136456	1
8.90487333333335	0.0255627276314981	52.5149666666667	0.884840814298835	58.74265	0.0949693661581175	1
8.90776833333333	0.0253258826323467	52.5457	-0.835739742953454	58.7558166666667	0.0915774177749499	1
8.910505	0.0264671019849007	52.51295	-0.538571347090847	58.7151166666667	0.0856320650514265	1
8.90789999999999	0.0267391405258303	52.5107333333333	0.23146432477393	58.7516166666667	0.072386460871589	1
8.91200833333334	0.0242338688179449	52.5145166666667	0.355377486319322	58.7209166666667	0.0580876869786622	1
8.902225	0.0265855040082426	52.50785	-0.206423771468607	58.7455166666667	0.096826332681585	1
8.90171166666667	0.0250742176589334	52.5403166666666	-0.453731178710099	58.7799166666667	0.0773061910531175	1
8.89941333333335	0.0261890358398176	52.5589	-1.67218577064114	58.8461	0.0669694339586781	1
8.89205833333333	0.0253345217811326	52.6371	-0.522369580012933	58.9512166666667	0.0685948784140097	1
8.89250166666668	0.0251071160433766	52.7190833333333	-1.60793769873704	58.9063833333334	0.0924607276533775	1
8.89873333333333	0.0252258358344138	52.68455	0.280464266571742	58.8985	0.0403549925502263	1
8.89981833333333	0.0255643219118673	52.6612833333333	1.57000351860413	58.8348833333333	0.0511657630719451	1
8.90677833333333	0.0237665158577269	52.6186166666666	-0.509220235527106	58.76715	0.0970066964314434	1
8.91168833333335	0.0257006888279791	52.5133833333333	0.0693975047474601	58.7152	0.0885615365873459	1
8.91267500000001	0.0245268965850449	52.51395	0.830761438910983	58.7478166666667	0.0703223791239295	1
8.91301333333333	0.0233542041963533	52.52025	0.814154918326856	58.7221833333333	0.0631655054079856	1
8.91506	0.024489029944979	52.5125166666667	1.2513127726829	58.68035	0.0867208310751972	1
8.90820833333333	0.0253257560681399	52.5136333333334	1.07015220627062	58.7008	0.0658392495374987	1
8.91023833333334	0.0247502691620693	52.5108666666667	1.42642218738157	58.62575	0.0425160488142967	1
8.915765	0.0253058705997512	52.4995833333333	-1.02798623798029	58.6349833333333	0.0500608076570572	1
8.91130833333334	0.024215985501563	52.5041833333333	1.48194793107288	58.67185	0.0869967513517753	1
8.91132833333334	0.0261280498482061	52.5183333333334	-0.422221062737414	58.72	0.0644899151227721	1
8.91138666666667	0.0247874535193818	52.5181	-0.145519553554874	58.7207833333333	0.0822305752997285	1
8.90945333333333	0.0234585092944846	52.5278166666667	0.102590725109038	58.719	0.0770379611466135	1
8.90844333333334	0.0236120591602087	52.5111166666667	0.291166262580215	58.72935	0.0729131884561874	1
8.91234166666668	0.0259792828188513	52.51715	0.593918647941843	58.7585666666667	0.0851764602371512	1
8.912255	0.0253416713901842	52.5235833333333	0.390225255252359	58.7292	0.0888704637212714	1
8.91653	0.0239030966623591	52.4911166666667	1.23447851124817	58.7130666666667	0.0736088762763472	1
8.91923833333334	0.023976300149042	52.4935666666666	1.15485406328778	58.6602166666667	0.0915218028421658	1
8.93212333333333	0.0234748070599041	52.4812333333333	-2.72263217124517	58.5676666666667	0.0811770750527778	1
8.93443166666665	0.0223177537873418	52.3873666666667	-1.43001424175864	58.52105	0.0875944865148295	1
8.94237833333334	0.0236423376757357	52.3189166666666	-1.18363005900387	58.44025	0.0944826457027057	1
8.95027333333333	0.0220959046860585	52.2890333333333	-0.278136393984114	58.3366333333333	0.0840582862079997	1
8.95069333333334	0.0217646990736184	52.1353166666667	-1.17999581379697	58.304	0.0548384375897792	1
8.95968666666667	0.0221883383669899	52.1599333333333	2.21128315680594	58.2598	0.0693626676319261	1
8.96192166666667	0.0232710427988046	52.1164833333333	0.237019411184236	58.1743833333333	0.065164743422427	1
8.95900666666667	0.022439827658231	52.0816333333333	0.318301016928953	58.1578166666666	0.0642530726474062	1
8.964815	0.0221588763554374	52.0742333333333	-0.316788118507211	58.1699833333333	0.0629843918428941	1
8.97130333333334	0.0222810546852111	52.0717166666666	-1.81596357033838	58.1277166666667	0.0864676076640348	1
8.97512000000001	0.0218898959775932	52.0129166666667	0.740883959170525	58.0686666666667	0.0680729087372865	1
8.98042333333334	0.0210354051384275	51.947	-0.295091007965118	58.02635	0.0899760467182841	1
8.98694666666666	0.0219274982808569	51.79555	-0.744420248964618	57.9787166666667	0.0670605826951452	1
8.994775	0.0215734419444112	51.7838333333333	-0.345173500079015	57.9203833333333	0.0727256492339335	1
8.99545166666668	0.0217927174712147	51.6132166666667	-0.521205361689954	57.9065166666667	0.0848607017444757	1
9.00311	0.021709907880204	51.649	-0.502552636319066	57.8342833333334	0.0585213539663641	1
9.00967	0.0212118127860267	51.7248166666667	-1.2135321605609	57.7715833333333	0.0510338178561201	1
9.01235166666667	0.022675058125406	51.6937666666667	0.358386044780244	57.7470666666667	0.0897215781287922	1
9.01687333333334	0.0213953317944174	51.64885	-0.636759230467263	57.6719833333333	0.0682878979442897	1
9.01649500000001	0.0220191897260924	51.4122166666667	0.127424455096922	57.6701333333333	0.0659052907180667	1
9.02324500000001	0.021442433122908	51.4748833333333	-0.2994229671532	57.5983666666666	0.0661157092198947	1
9.02383666666666	0.0216041945987963	51.37805	-0.179158006502645	57.6017	0.0531497086109011	1
9.02425666666667	0.0211608228319954	51.2767333333333	0.204734305089955	57.5541166666667	0.0623304729093836	1
9.025645	0.0214779222359291	51.2632	0.405700681215363	57.52455	0.060298811017875	1
9.03139666666667	0.0222447155035815	51.3446333333333	-0.616470234358233	57.4769	0.0880236293391378	1
9.034805	0.0231865550601909	51.1362333333333	0.253783038546971	57.4472333333333	0.0755874993401498	1
9.03582833333333	0.0222415528912419	50.9977	0.331188325467337	57.4461333333333	0.0718981074375909	1
9.04233500000001	0.0220294864243405	51.01365	-0.101154188110881	57.4127833333333	0.0511216865543206	1
9.04288999999999	0.0211349404900004	50.9502333333333	0.450830048266514	57.3727833333333	0.0653600436867542	1
9.04698999999999	0.0227822654572721	50.9094166666667	0.391083110034625	57.3452166666667	0.0739887970600644	1
9.05334999999999	0.0214119503867725	50.8438166666666	1.43410895832635	57.2900166666667	0.0650182481990257	1
9.05111499999999	0.0214733233188825	50.7685666666667	0.361860574814827	57.2806666666667	0.0676766155609557	1
9.04308499999999	0.0213666093471017	50.78255	-0.253479912609993	57.3114166666667	0.0611631027764528	1
9.04648	0.0220861025657367	50.8480833333333	1.52685407443131	57.28405	0.0987136631279363	1
9.056955	0.0219448308492381	50.88155	0.80571647978781	57.2329	0.066222711041056	1
9.05921833333332	0.0214824693965688	50.7543833333333	0.937241597714041	57.23695	0.0657745056478605	1
9.04794499999999	0.0213856857326834	50.8060666666666	0.987685179853531	57.23045	0.0779092094380009	1
9.05078	0.0215273619421187	50.7369166666667	0.442229794893234	57.1690666666666	0.0783038122038113	1
9.03063666666666	0.0215008946249144	49.8392833333333	-0.265648702674543	57.1010333333333	0.0691701333281396	1
9.04531166666666	0.0209944232333349	48.2236833333333	0.247194757350345	56.9180666666667	0.144903108091108	1
9.08367333333333	0.023011210642807	47.7231833333333	-0.269021709979862	56.5292166666667	0.21298675789717	1
9.12716833333332	0.0230942757664647	47.2393	0.151229315633557	55.96935	0.193374741571815	1
9.16373666666666	0.0200342108628478	46.8979	-0.0163866253708852	55.49225	0.183658546940802	1
9.19717666666666	0.022242752128712	46.6494333333333	-0.170626300673532	55.0167833333333	0.195187184532309	1
9.22880333333333	0.0200393100047049	46.4676166666667	-0.363579233670923	54.5429333333333	0.166360530140717	1
9.25789	0.0195172429222335	46.2393833333333	-0.330842698232117	54.1362	0.141995201637715	1
9.27654499999999	0.0188501154661843	45.9538333333333	-0.662460067350668	53.8062166666667	0.156163331669736	1
9.29932333333332	0.0192078201821326	45.7656666666667	-1.25251359907178	53.4463166666667	0.139068022822472	1
9.31659166666666	0.0201236975369792	45.5298833333333	-0.773655220976673	53.0934833333334	0.152358797275853	1
9.33124499999999	0.0193763786197014	45.3668666666667	0.124010003627067	52.8343833333333	0.104842754195722	1
9.34878833333333	0.0188123196205234	45.2193333333333	0.311447931042977	52.5872166666667	0.120425107420235	1
9.36598166666666	0.0193160515366668	45.0427	-0.501031674473828	52.3276666666667	0.121544114425226	1
9.38078833333333	0.0165924394117203	44.88705	-1.30821070029019	52.10145	0.0852454929471143	1
9.40147166666666	0.0170661835684356	44.7076833333333	0.233950012890885	51.8745166666667	0.0840589969708862	1
9.41429166666666	0.0183397703324943	44.5903	-0.215328257757377	51.6900333333333	0.0968160875178284	1
9.42809166666667	0.0185472351157692	44.47635	-2.01859196357767	51.5106	0.0924013353781264	1
9.44270166666666	0.0173699603653562	44.2952	0.442881299584697	51.3425333333333	0.0782400622739585	1
9.45405166666668	0.0176005292042409	44.1928833333333	0.145648402648896	51.2239833333333	0.085594133266933	1
9.469315	0.0187626180136073	44.0898333333333	-0.176295522707829	51.09515	0.0760494542487025	1
9.48210333333334	0.0167553142758657	43.9954166666667	2.26827342726014	50.9834333333333	0.0724595425788383	1
9.49281166666665	0.017640337290476	43.9403333333333	1.05460539911354	50.8790333333334	0.0820968767684939	1
9.50171166666667	0.0169529013838666	43.8438	1.72218032948434	50.73455	0.0860272769119265	1
9.51039166666667	0.0183430925863555	43.7858166666667	0.513185807759419	50.6425166666667	0.0845361203848241	1
9.52325666666666	0.0189388116452197	43.7256	-0.160045214820646	50.5237	0.10829343376498	1
9.53008000000001	0.0167015519157349	43.59955	1.7308374652013	50.4288333333333	0.096017506642908	1
9.53339833333334	0.0167236099303967	43.5507166666667	-0.344943889405603	50.3397333333333	0.0599318445294365	1
9.53972499999998	0.0160540419241854	43.48805	-1.13870964795425	50.2660333333333	0.0744177322286597	1
9.544895	0.0157992616741758	43.4051166666667	-0.474647732110653	50.18045	0.0851117759583229	1
9.54421499999999	0.0148091512225793	43.33245	-0.722238678064752	50.1203666666667	0.0537240175014611	1
9.54421166666667	0.0162470553815095	43.3195333333333	-2.108948178654	50.05185	0.0751705011110615	1
9.544945	0.0158402492876794	43.3087166666667	-0.881323362588775	50.0370666666667	0.080337817817958	1
9.54771666666666	0.0156694695511872	43.2466833333333	-0.564394236651224	49.9579833333333	0.0713984977448818	1
9.54690499999999	0.0166343162105627	43.1838166666667	1.03174048197115	49.9454166666667	0.0702572251346137	1
9.55362499999999	0.0165301679489563	43.1501333333333	-0.803371238318144	49.8840166666667	0.0515372143530949	1
9.560905	0.0145300095306783	43.0786333333333	1.57387495210231	49.82685	0.0721535145437627	1
9.56348833333334	0.0166608073451201	43.07475	-0.610610189974914	49.7901333333333	0.0755395208420036	1
9.56633	0.0159010221109721	43.07775	-0.976783558448577	49.7768833333333	0.0784210910031498	1
9.57435833333333	0.0188030810502923	43.0676833333333	-1.75820347393403	49.7361333333333	0.0740108710903198	1
9.57876	0.0177535267722996	42.9931333333333	-1.10465500800609	49.7029166666666	0.0584849079957973	1
9.58096666666667	0.0167808885120638	42.9676	-0.445509587579372	49.6993666666667	0.0448386813435991	1
9.58406500000002	0.0180042874229821	42.9411833333333	0.512250446033835	49.6271	0.0844440843980835	1
9.58346500000001	0.0174439845217004	42.9193	1.13669575743603	49.59725	0.0790898705721459	1
9.58192333333335	0.0179802559741805	42.9134833333333	-0.775098726482428	49.5621	0.0832846253131962	1
9.58432999999999	0.0170685869685172	42.9107833333333	-2.51045080105639	49.5574333333333	0.0835198883584772	1
9.58710333333333	0.0170633501620719	42.8764	0.0818847467388172	49.51	0.058040605307033	1
9.58909666666667	0.018325310836408	42.8544	1.00810521676072	49.5167	0.0721745295229862	1
9.59507333333333	0.0177055669415986	42.8384333333333	1.86073688771206	49.4964	0.0663095463127547	1
9.59951833333333	0.0193124644386307	42.84645	-0.24710862258027	49.4825833333333	0.0974679941673451	1
9.60068833333334	0.0168722351142878	42.7991166666667	-0.282128585135298	49.4447333333333	0.0703790865187173	1
9.60470833333333	0.0177911252441016	42.7619	0.849141230723889	49.4281	0.0734283231734716	1
9.60168833333334	0.0180434792226903	42.7295166666667	-1.41742706206362	49.3858166666667	0.0790469698744204	1
9.60226166666668	0.0173302363623865	42.6993833333333	0.29945639170538	49.3564	0.0716361332933347	1
9.60137666666666	0.016483353941198	42.6829833333333	0.805360418093858	49.38635	0.0893365043918168	1
9.60205666666667	0.0174884685753425	42.6834	1.05668229036553	49.3743833333333	0.0640021428843233	1
9.60141666666667	0.0171555698881112	42.6693	1.51140369221321	49.3300333333333	0.0707835005831319	1
9.60451666666666	0.0176501823536591	42.6668	-0.749682058299337	49.3259	0.0700108224079478	1
9.60460833333335	0.0166041488838126	42.66285	-0.79178903877837	49.3118333333333	0.0620869173879197	1
9.604015	0.0171543549813074	42.6619833333333	-0.896665300275087	49.2804166666667	0.0507924629623854	1
9.60189833333333	0.0169244021914547	42.647	-0.997738692786999	49.2924666666666	0.06238058875249	1
9.59915333333334	0.018054355572755	42.6410333333333	-0.620413539604492	49.25745	0.0580865587299225	1
9.598015	0.0176232537703955	42.6045833333333	1.14171058930821	49.2352666666667	0.0633959488270628	1
9.5978	0.0180417804850792	42.60095	0.898352711660574	49.2379	0.0798574365321821	1
9.60249	0.0165086075590654	42.5921166666667	2.43135011887272	49.22355	0.0678806092978259	1
9.59985666666667	0.0177907365239797	42.5676666666667	-1.10729198253278	49.22255	0.0564303755803164	1
9.596485	0.0179777206304111	42.5677333333333	-1.0100768086596	49.23425	0.0589445660295051	1
9.60032166666667	0.0170420729658644	42.5885166666667	-0.488095013479523	49.1942	0.0748661630703844	1
9.59410666666667	0.0187035199446367	42.5605333333333	-0.0611121552059093	49.1849833333333	0.0734928779361965	1
9.59551333333333	0.0170478993919589	42.5532	0.110433712114823	49.18575	0.0704348779646731	1
9.59678166666668	0.0179579548982924	42.5383166666667	0.652339450786469	49.1534666666666	0.0719904576225256	1
9.59841333333334	0.0186138823619146	42.51645	1.56827942746886	49.1415333333334	0.083890660611615	1
9.59735833333334	0.0171452577601405	42.50455	-0.590859494978388	49.1184833333333	0.08004225402485	1
9.59998833333334	0.017155622679988	42.5157	1.161231151242	49.1509333333333	0.0883810829262078	1
9.60177	0.0175024090876977	42.5168	0.848671681865279	49.1222	0.0847728370311228	1
9.60219666666667	0.0184574045266027	42.5117666666667	1.3635999718588	49.1226166666667	0.0870805377595781	1
9.60405166666667	0.0168781055799766	42.5071666666667	-0.645377485895352	49.1113833333333	0.0806591681858268	1
9.60742666666667	0.0174169516821607	42.5052333333333	-0.258295985541757	49.1069	0.0861600206159593	1
9.61082333333333	0.0157759391473913	42.5037166666667	-0.252109359968855	49.08315	0.0522512914445874	1
9.60634333333334	0.0169112025052186	42.50475	-0.128522020567002	49.0993333333333	0.0622830245030138	1
9.60493333333334	0.0175037955976056	42.5073666666667	-0.646336593808297	49.0835833333333	0.0567298957644594	1
9.60430499999999	0.017496442996484	42.5144833333333	-0.737645305574966	49.09155	0.0589263904505064	1
9.60830833333333	0.0166334316654894	42.5156	-0.37037480985316	49.0851833333333	0.0624737210289983	1
9.60776166666668	0.0157096420065994	42.5078666666667	-0.630354278358922	49.0712833333333	0.0719402039047231	1
9.60784333333333	0.0165816275691992	42.4885666666667	-0.57093038048919	49.0693666666667	0.0664353812889312	1
9.60717333333335	0.0164009636374192	42.4874666666667	-0.432508078793517	49.0639	0.0611684808610406	1
9.60903166666667	0.0151820559189271	42.45995	0.675453465942048	49.0470166666666	0.0292351608986226	1
9.60843000000001	0.01642441380836	42.4602666666667	0.447169559794842	49.0580833333333	0.0592856605598909	1
9.60831666666666	0.0165601969319892	42.47805	-0.154966883364021	49.0633	0.042962853486018	1
9.59918999999999	0.017469283321484	42.4399833333333	1.76354469277601	49.0516166666667	0.0441407961754842	1
9.59655666666667	0.0176587043301575	42.45375	1.12087518386737	49.0651	0.0558947861490146	1
9.59860333333333	0.0168160822803943	42.4578666666667	1.08780986661611	49.0404333333333	0.0459001741685205	1
9.59759666666666	0.0175541325097303	42.4630833333333	0.920816255762763	49.0141833333333	0.0589321619959257	1
9.59950333333333	0.0170491772909835	42.44415	-1.08350342282651	49.0001833333333	0.0670528482860853	1
9.60093333333334	0.0182910677879558	42.4238833333333	-1.00817524240535	48.9930666666666	0.0459343181283972	1
9.60053333333334	0.0172550025812522	42.4180333333333	-1.27469242650017	49.0078	0.0601860955844028	1
9.60394333333333	0.0165433650476777	42.4231166666667	-1.27347087603161	49.0004	0.0572964932224755	1
9.60381	0.0159869698611787	42.39505	0.0113043206549899	48.9452833333334	0.0728430147801413	1
9.60393333333333	0.0169037999567312	42.3758333333333	0.918359814284722	48.9665666666667	0.059649645648475	1
9.60619333333333	0.0168161805642711	42.4045333333333	-0.468252422895143	48.9613666666667	0.0648805856591955	1
9.60443666666667	0.0178469468371456	42.3795	0.586571621654677	48.9620666666667	0.0815354486007834	1
9.60616166666667	0.0158415209770716	42.371	1.18275709802609	48.9591833333333	0.0648543326484577	1
9.60511166666667	0.0161012820201802	42.34635	-1.34313813881576	48.9676	0.0601321144351385	1
9.60713	0.0168746661377967	42.3631166666667	0.716562315887952	48.98455	0.0806960030934255	1
9.60901666666666	0.0162123756462683	42.3516666666667	0.775093204686525	48.9461833333333	0.0622198103682407	1
9.61221333333334	0.0154716981818396	42.3296666666666	-0.987518948599876	48.9506166666667	0.0686603262115771	1
9.61342833333334	0.0148766165538081	42.3092666666667	0.092462099000359	48.9116333333333	0.0756212611719938	1
9.61459333333333	0.0153481997080881	42.30885	0.00822135794938972	48.9006	0.0815928710744349	1
9.61302500000001	0.0155556314921166	42.2841666666667	1.10698718909971	48.9212666666667	0.0830692720252331	1
9.61228999999999	0.015255067851655	42.2931666666667	0.609125063385058	48.9308833333333	0.0765032605191206	1
9.61259166666666	0.0148133043984416	42.3017666666667	0.146855500864395	48.9438833333333	0.0798445718237463	1
9.61432666666667	0.016035955704223	42.3031166666667	0.0822325621591931	48.9267333333333	0.084860177453939	1
9.61419166666667	0.0148122900699864	42.2955833333333	0.333069071739164	48.9080166666667	0.0805757863420071	1
9.61305333333335	0.0152809140033196	42.2895166666667	0.581286343029	48.9203333333333	0.0775645530316889	1
9.61592166666667	0.0148447344466044	42.3069666666667	-0.0730762041319304	48.9057333333333	0.0844553571103268	1
9.61616499999999	0.0147482301363109	42.3045	0.0845593453916603	48.8919666666667	0.0802800113726242	1
9.61473833333334	0.0156449503463937	42.2748333333333	1.41509461025815	48.9052333333333	0.0897951277728994	1
9.61456	0.0151269441968482	42.2834	0.960934413959657	48.9166333333334	0.0774150089828785	1
9.61658	0.0149953893860101	42.2665	-0.715754947047165	48.89395	0.0875393228831898	1
9.61434166666668	0.0151633816851355	42.2586	-0.882079503840845	48.88775	0.0795087938852349	1
9.61353166666666	0.0147387600893191	42.2556666666667	-0.86896567750655	48.8825	0.0873175579835085	1
9.61518	0.0153891404158224	42.2555333333333	-0.861304141186542	48.8705333333333	0.0846391075748873	1
9.61573833333333	0.0153138517029144	42.2518833333333	-1.05659152600762	48.8699166666667	0.0777438845306877	1
9.61560500000001	0.0150445851023384	42.24655	0.187570342015576	48.852	0.0738927303137482	1
9.61480166666668	0.0149883314845262	42.25315	-0.799307760229166	48.8804333333333	0.0808659419346103	1
9.61220166666666	0.0146477048025345	42.2526166666667	-0.697267116221837	48.8376833333333	0.0661273787926652	1
9.61215499999999	0.016308717467735	42.2375833333333	-1.00587549151546	48.8399666666667	0.0884307574888772	1
9.61198333333333	0.016127302068508	42.2434166666667	-0.440951409002702	48.8508666666667	0.0789866898606421	1
9.60946166666667	0.016892625567186	42.2308666666667	-0.488849950427147	48.8165166666667	0.0911808580243492	1
9.61386666666667	0.0156038891888717	42.2231333333333	-0.344837453581878	48.8085166666667	0.0857365874605382	1
9.61586500000001	0.0160987180505608	42.2191666666667	0.0538869225256762	48.7940666666667	0.0640539673592761	1
9.61526833333333	0.0156647791578964	42.1889166666666	1.29333622921237	48.8107666666667	0.0614164353497774	1
9.60854500000001	0.016044844552936	42.2096833333333	0.325859703368265	48.8324	0.0634326547995212	1
9.60760333333334	0.016474373955255	42.1899	0.877343678186778	48.7947	0.0547231243532669	1
9.60667333333335	0.0163839559399623	42.1843166666666	0.0732477899160937	48.8077666666667	0.06098440108045	1
9.60881333333334	0.0165950036396065	42.1912333333333	2.16789809102094	48.7778166666667	0.0735793107588773	1
9.60788333333334	0.015545497516772	42.1616333333333	-0.902434288777534	48.7798333333333	0.065111421234229	1
9.61106666666669	0.0164272734929723	42.1646833333333	-1.6515873203834	48.7682333333333	0.0681081808139469	1
9.61330666666668	0.0146129572556395	42.18405	0.815447518158476	48.76445	0.0616865848119565	1
9.61325833333334	0.015512123447333	42.1663333333333	-1.87252622957543	48.7865833333333	0.0737623972152337	1
9.61453500000001	0.0150906700382611	42.1491166666667	-0.294953130758224	48.77105	0.0753177281222122	1
9.6151	0.0142282842766005	42.0960333333333	-0.185750515808654	48.744	0.0698137959266999	1
9.61520166666667	0.0149260054922769	42.0472	0.296297799266976	48.7161833333333	0.0758813729999769	1
9.61906500000001	0.0141831841578242	42.1108	0.0588614354779732	48.7090833333333	0.0668142610542539	1
9.61747	0.0139115654314887	42.1579	-1.5659384371557	48.7163833333334	0.066164174767006	1
9.61398666666666	0.0153633723806679	42.12005	0.37370713112675	48.7343833333333	0.0712189490273834	1
9.61733666666666	0.0159197692815836	42.1089333333333	1.0913483604734	48.7056333333334	0.0700779146685587	1
9.61708833333333	0.0146770645655955	42.0792	-1.61640014347418	48.7289833333333	0.0669878541145336	1
9.61179166666667	0.0152902337884153	42.1045	1.28171611506299	48.7611333333333	0.0801958337534593	1
9.60803333333334	0.0171126744920055	42.1513333333333	-0.990078571142361	48.7448	0.0689339649623009	1
9.60611833333333	0.0167170600700162	42.16025	-1.1318352865894	48.74065	0.0727854578975496	1
9.60350166666666	0.0164492439522273	42.1025833333333	2.0343782838254	48.6995833333333	0.0631308277502315	1
9.60042500000001	0.017823032171687	42.0843833333333	-1.73099451665241	48.7034166666667	0.0794178589971025	1
9.59852500000001	0.0180692243824402	42.0612333333333	-0.345692929589019	48.7161166666667	0.0822656077956561	1
9.60207333333334	0.0175621373985505	42.07965	-1.60475287646153	48.7123	0.0604195220443507	1
9.60216166666667	0.01698341124897	42.0703	-0.814654162662858	48.71025	0.0613759255513771	1
9.60668166666667	0.0181101341469426	42.07855	-0.904447130344026	48.7132166666667	0.0556691472433543	1
9.60593333333333	0.0164723339329177	42.0389833333333	0.754203865374082	48.6946833333334	0.0645864265707213	1
9.60609333333333	0.0163960159119585	42.0246666666667	1.44201133450336	48.7119666666667	0.067622322727583	1
9.61126166666667	0.0158181400026719	42.0509	0.075930746822153	48.69385	0.0658552148431231	1
9.61205999999999	0.0150069455261013	42.0294	1.18458837262827	48.69905	0.0692187456240198	1
9.61515666666667	0.0158365647641179	42.0279666666667	1.57628794333423	48.6804833333333	0.0699475570299875	1
9.61748166666667	0.0148171830006814	42.0278166666667	1.51742802895176	48.6741	0.0678926620432728	1
9.61811166666666	0.0132268961536202	42.0197833333333	2.03674811556336	48.6541333333333	0.0372078298059708	1
9.615755	0.0153736426983445	42.0028	-1.1115073894869	48.66075	0.0679472938810865	1
9.61610166666667	0.0149182971505466	42.00575	-0.647525761806663	48.6573666666667	0.0770368537529818	1
9.614265	0.0147835165732125	42.0045	-0.651198461728374	48.65145	0.0451417447452365	1
9.60885166666667	0.0165768206297995	42.0012333333333	-0.424639089631707	48.65935	0.0643446295811254	1
9.61292833333333	0.0150069498832002	42.0065	-0.944391554927277	48.6378666666666	0.0577952161138773	1
9.61158833333334	0.0153403958052367	42.01895	1.67754928595979	48.6585166666666	0.0582925095245242	1
9.61128666666667	0.0147853135933029	42.0156	-0.827028426933442	48.6519666666667	0.06742628534038	1
9.61034666666666	0.015511958515412	42.0252833333333	1.4535778195619	48.6628666666667	0.0588469622984187	1
9.61273333333333	0.0151885936759127	42.0277333333334	1.10876488221754	48.6691	0.0633491000297263	1
9.61377666666668	0.0146833053038692	42.0129666666667	1.8720933565437	48.6504833333333	0.0584594576787233	1
9.61577666666666	0.0150473971999493	42.0204833333333	1.63053321137092	48.6559	0.0608988324732933	1
9.61421666666667	0.0146342061236795	42.0138166666667	-0.666143594892681	48.6612333333333	0.0590662847037172	1
9.61623000000001	0.0152136844208132	42.0119166666667	1.73124753298918	48.6692	0.066775312600402	1
9.615775	0.0141601043755526	42.0067333333333	-0.536619135380987	48.6442	0.0479571842941574	1
9.614315	0.0149211318368331	42.0051833333333	-0.863783599648452	48.6647166666667	0.0801046120398607	1
9.61209166666666	0.0157322100994503	42.0086666666667	-0.479273227133561	48.64605	0.063360797643071	1
9.61135333333334	0.0147131216539374	42.0066666666667	-0.405416637812938	48.6359833333333	0.0338478608425382	1
9.61440666666667	0.0149342897579087	42.0071333333333	-0.459791867979103	48.6440833333333	0.0606152891343116	1
9.61559333333333	0.0148165618953775	42.0086666666666	-0.643935496853161	48.6203666666667	0.0578179394677276	1
9.61636000000001	0.0145500253859305	42.0063	-0.464588044522703	48.6062333333333	0.0590539445048505	1
9.61660666666665	0.0151188487723953	41.9965833333333	-1.10200669432337	48.6339833333333	0.0464876479554452	1
9.61720166666668	0.0146603503941192	42.01195	-0.973314129077548	48.6337833333333	0.0416934298228815	1
9.61580333333333	0.013836439835971	41.9827166666666	-0.276059054009173	48.6152166666666	0.0300028765099293	1
9.61481666666667	0.0148504977816512	42.0094166666667	-2.12633887767443	48.59705	0.054836714473401	1
9.61357333333332	0.0152917521896808	41.9599833333333	0.862136909292776	48.6025	0.0568466566552637	1
9.61517666666666	0.0154300226253643	41.9805833333334	-0.250122147877197	48.6074166666667	0.0718664702627218	1
9.61921666666667	0.0152470930113815	41.97685	-0.150048238118387	48.6233	0.052540960615247	1
9.62142833333333	0.0138133828755425	41.9703333333333	0.111978969875545	48.5951333333333	0.0552671375880391	1
9.61961000000001	0.0140236349506365	41.9791833333333	-0.293395582471923	48.59725	0.056148901614746	1
9.61490333333333	0.0151643414289525	41.93745	1.74306291963918	48.5925	0.0589131794411444	1
9.61501833333334	0.0149576362445942	41.9273	-2.44635071265948	48.5647333333333	0.0658055344297262	1
9.61468166666666	0.0146155061123597	41.9417333333333	0.0532458654877394	48.5634333333333	0.0450458774300857	1
9.61417833333333	0.0151277210377246	41.95055	0.667838203953751	48.5808	0.0609759052163157	1
9.61611833333334	0.0142419234841988	41.9909166666667	-1.14471113191617	48.5800333333333	0.0487570826377524	1
9.61996333333333	0.0151154264163625	41.9861333333333	-0.815366589420035	48.6086333333333	0.0595741858175101	1
9.61974666666667	0.0139315937493244	41.9605	0.931557050254053	48.57165	0.056879243183123	1
9.6222	0.0144129416895688	41.9708333333333	-0.00235904078989286	48.5463	0.0728256101349335	4
9.62585666666666	0.0145296699114299	41.9418333333333	1.19257193432973	48.5474	0.0700228050019347	4
9.62539	0.0137744010228841	41.92745	-2.90309617625632	48.552	0.0686847378996157	4
9.62687333333333	0.0147508169227573	41.9364833333333	-0.745593368362849	48.5179	0.0844487007055014	4
9.625125	0.0139886446316665	41.90715	-0.695190614626958	48.51685	0.0740297294838878	4
9.62373833333333	0.0142943022103806	41.93315	-2.43917725953874	48.5280333333333	0.0713171400385403	4
9.62111166666668	0.0145202362005957	41.8908333333333	0.127193557204854	48.5088666666666	0.0649525163371752	4
9.62058666666669	0.0143787018654135	41.8620166666667	1.61005879902559	48.4966166666666	0.0660654764240839	4
9.61843833333333	0.0144074803385277	41.8307333333333	-0.659363859848756	48.4926833333333	0.0641342584532214	4
9.61738666666668	0.0147654049790678	41.8418	-0.787005227470712	48.4965833333333	0.0632651915612114	4
9.62047833333332	0.0151666160021657	41.8506833333333	-1.62091682927665	48.4646333333333	0.0752196707654086	4
9.62646666666666	0.0146409067047588	41.7868	1.27943256081715	48.37805	0.0684606592460718	4
9.62689	0.0143478570410166	41.76435	-0.869954855340318	48.3121	0.0870214662782722	4
9.631765	0.0143682701456472	41.7498166666667	-1.10191332508995	48.2618	0.074129021741871	4
9.63046333333333	0.0143828636520552	41.76365	-2.11201283833745	48.2818166666667	0.089312153341319	4
9.63100666666667	0.0140360835572082	41.7370666666667	-0.491568270296313	48.2615	0.0683749632045269	4
9.63019333333333	0.014635217965478	41.7199666666667	0.0704908316128913	48.2427	0.0590329698170752	4
9.63076499999998	0.0128508761061062	41.6780333333333	-0.515377699600997	48.22365	0.0354777681639969	4
9.62799666666666	0.0142618016814458	41.5995	2.51807925036834	48.2400333333333	0.0667999712439467	4
9.62899500000001	0.0149808439172873	41.64785	-0.357748116303069	48.2110166666667	0.0857494362617571	4
9.62716333333334	0.0140356089793516	41.6309666666667	0.438470221347964	48.1787166666667	0.0598826795553983	4
9.63015	0.0143254854212434	41.6438	-0.278582383531955	48.2015	0.0739769776372289	4
9.62780000000001	0.0136919361374491	41.5953833333334	-0.70535262091389	48.2010666666667	0.0504148440161744	4
9.63007333333333	0.0141544528841506	41.5949666666667	-1.25372349104794	48.1824166666667	0.0608619698870417	4
9.63243333333334	0.0146098586179658	41.5944	-0.501345549012468	48.1452666666667	0.0860159359824558	4
9.63615666666667	0.0137978049434557	41.5940833333334	-0.260611367856189	48.13175	0.0784655003537392	4
9.63805833333332	0.0141234101788729	41.59255	-1.41732099123673	48.1538833333333	0.0586061521808627	4
9.63538833333335	0.0147790922082421	41.6006166666667	2.25240697242948	48.1771666666667	0.0723356504614679	4
9.63517333333333	0.014515202630388	41.5956166666667	-0.35323276167622	48.1430666666667	0.0723650975583727	4
9.63323666666666	0.01392421614362	41.5958833333333	-0.655202177820563	48.1560166666666	0.0665377404482217	4
9.63542000000002	0.0147257715331119	41.5938833333334	-0.54974678249613	48.1810333333334	0.0796566714766222	4
9.63762166666667	0.0150733940848642	41.5968833333334	1.83982142399836	48.1747833333333	0.0595286832064505	4
9.63665666666667	0.0138467207314192	41.6035833333333	1.81834921691375	48.1566833333333	0.0686636339904063	4
9.63260666666668	0.0143649762661633	41.6070833333333	1.32714561939169	48.1871	0.0549667696223089	4
9.63292333333335	0.0145515302956584	41.5983833333333	1.63022193862413	48.2091333333333	0.0745943758198627	4
9.62882500000001	0.0136913645816203	41.6005	1.94890271522008	48.2043333333333	0.0651958370997817	4
9.63091666666668	0.0149479806584422	41.6185166666667	0.940784545235686	48.1923666666667	0.088666193023671	4
9.63025000000001	0.0138548702284942	41.61215	1.33863405583837	48.1629833333333	0.0662431299070866	4
9.62829500000001	0.0135685229984918	41.5867333333333	-0.110017901014042	48.2020166666667	0.0302007361379957	4
9.62627166666666	0.0134260304773794	41.592	-0.264167132910527	48.1955833333333	0.0577634837635098	4
9.62159833333334	0.0141948166098239	41.5885666666667	-0.599486453553746	48.2153833333333	0.080237167867172	4
9.624995	0.0150349056858244	41.5903833333333	-1.59062082049601	48.1988	0.0537592877273241	4
9.62633333333333	0.0139216345569327	41.5976833333333	2.34203521136127	48.2031833333333	0.0831167224331101	4
9.62884999999999	0.0133849203766458	41.58305	-1.26622806238753	48.1664833333333	0.0805667407651205	4
9.62593500000001	0.0142177476737653	41.5785	-1.6238113511299	48.17185	0.0807647399571067	4
9.62418000000001	0.0146646748280697	41.58365	-0.0600311912170915	48.1760833333333	0.0730528695631636	4
9.62379666666666	0.0141887581198589	41.5723666666667	-1.60932313067822	48.1764166666667	0.0792948352918071	4
9.623325	0.0138713156307858	41.5633833333333	-0.774359795070787	48.1743333333333	0.0700103301497981	4
9.62709333333334	0.0152177721717736	41.5832666666667	-0.603555824638407	48.1902833333334	0.0612021079914654	4
9.62890666666666	0.0137277835899576	41.5808833333333	-1.2169250967491	48.1691833333334	0.0538168556755438	4
9.62988666666666	0.0134268744371431	41.5742166666667	-1.98395741822797	48.1706	0.0621810369480297	4
9.627325	0.0145762416177661	41.589	-0.518650058527715	48.1676833333333	0.064384831266186	4
9.63434833333334	0.0147920588683533	41.5873	-1.80583409567815	48.1281333333333	0.0670783671881841	4
9.63397666666667	0.013558115394256	41.5782833333333	-1.70259033953068	48.1671	0.0786359774476845	4
9.63491500000001	0.015412993726919	41.5141666666667	-0.0597616303859939	48.1633833333333	0.0799472477911438	4
9.63787333333334	0.0143082201605404	41.5011833333333	-1.89519879358392	48.1175166666667	0.0667234341642171	4
9.64008666666666	0.0147663773052191	41.48845	-0.942238119495999	48.12965	0.0784167106455929	4
9.64096333333332	0.0147412401952157	41.4899333333334	-1.10311264081314	48.1109333333333	0.0758691707707834	4
9.64669666666668	0.0149469173897044	41.5347	0.814004127194448	48.08485	0.0802014043158669	4
9.64446333333335	0.014412315808612	41.4830666666667	-0.253559528039393	48.1059833333333	0.0706323716216853	4
9.64475833333333	0.0146456166605519	41.50995	1.57769793278216	48.1227666666667	0.0646912790252359	4
9.64749666666667	0.0149164614971139	41.5634	-0.696641199334323	48.1391333333334	0.0871236150178892	4
9.64661666666666	0.0141100985239703	41.5381333333333	-0.45280840659863	48.0841333333333	0.0706654727540113	4
9.64346833333333	0.0141659257719779	41.43815	1.02193827863867	48.1164833333333	0.075919781854508	4
9.64452166666666	0.0144110719777585	41.4639	0.104101865547792	48.1133333333333	0.0768052052143769	4
9.64726666666667	0.0145841255051559	41.4858166666667	-0.725489674772323	48.0858333333333	0.0852947365925667	4
9.65027833333334	0.0151130695759963	41.4615166666667	0.270453063509967	48.0735666666667	0.0813213684817911	4
9.65107999999999	0.0145823411857435	41.44845	0.944813043899762	48.0580833333334	0.069442401853199	4
9.64655500000001	0.0153870587712331	41.4164833333333	-1.14863152337318	48.0721	0.0772349925085548	4
9.64477166666668	0.0142940569467016	41.35435	1.89077548972415	48.0396666666666	0.0747950117675678	4
9.64252	0.0144758021567074	41.3547666666667	1.64307676784	48.0351166666667	0.0585488617228333	4
9.644315	0.0142044142425265	41.34305	1.69099262397935	48.0167333333333	0.0480010122303813	4
9.64548166666667	0.0138738532341052	41.3637166666667	0.765511926481031	48.0303333333333	0.0459309233252941	4
9.64344833333333	0.0141965924062363	41.3844333333333	0.125716062446964	48.0441666666667	0.061686513831635	4
9.64585	0.0143781797673548	41.3504333333333	2.34056536830492	48.0010166666666	0.0640514866170416	4
9.64230666666667	0.0157386614635213	41.3481166666667	-0.248447176916626	47.99885	0.0736774521081754	4
9.64084166666668	0.0144533073739415	41.3310666666667	-1.1885805156692	48.00305	0.0525535804066602	4
9.64059833333334	0.0141545369198211	41.3430166666667	-0.983209234695589	48.0019	0.056068571818468	4
9.64287000000001	0.0140195344279316	41.3784666666667	0.552867530369303	47.9936	0.0627524596047093	4
9.64275166666667	0.0144617391896528	41.3434166666667	-0.269255696234941	47.9730333333333	0.0575361247367037	4
9.64381666666668	0.0151803753317975	41.3292666666667	-1.77344774913818	47.98515	0.0649920008115728	4
9.65130166666666	0.0156401733449256	41.3192	-1.06861051223777	47.9792333333333	0.064102768830616	4
9.65577833333334	0.0157794438633501	41.3004333333333	-0.38861821179999	47.9771166666666	0.0932032755055947	4
9.658225	0.014136741282564	41.3198833333333	-1.48646071566741	47.9300333333333	0.0796885817196992	4
9.65946833333334	0.0146483202460991	41.2799333333333	0.913570360573256	47.9445166666667	0.0761536118570227	4
9.66038333333335	0.0143529230317317	41.29165	-0.332314466986668	47.9342833333333	0.0746601547049363	4
9.66280333333334	0.0148932087991848	41.28335	0.453743944856528	47.9516166666666	0.0574022652558003	4
9.66611333333333	0.0145175211240832	41.2593333333333	-0.465979406262667	47.9231833333333	0.0793626073559067	4
9.66803333333333	0.0136468292582402	41.2094	0.373348744727533	47.8768833333333	0.075814691941103	4
9.67126833333334	0.0143925294996357	41.1942666666667	1.11183411535523	47.8736666666667	0.0720211048792131	4
9.67094333333332	0.0124188231125735	41.2387	-0.845732701907555	47.8717166666667	0.0655976672969577	4
9.67167999999999	0.0137692987953463	41.2026	0.609161966269731	47.8360166666667	0.0640229015345601	4
9.66725333333333	0.0139409375026566	41.1577166666667	-0.58958050577862	47.8707	0.094237403060532	4
9.66828166666666	0.0152592180921411	41.141	0.0563943559708923	47.8811666666667	0.0793894427226897	4
9.66444	0.0138982613822406	41.1361333333333	0.366268866300144	47.9065	0.0812915864889988	4
9.66621666666666	0.0141530999886139	41.1372333333333	0.0212480297181683	47.9107166666667	0.074738888220454	4
9.67016166666666	0.0131129241025697	41.1729166666667	-0.129703275739745	47.9246	0.0695767348608597	4
9.67037333333333	0.0136337970839785	41.2057333333333	0.721301784705933	47.8902166666666	0.0759997974276225	4
9.66131	0.0131361396005831	41.1606	-0.965476685793432	47.9244833333333	0.0749337541707634	4
9.66211833333333	0.0149651012129134	41.17715	-2.40362025230126	47.94925	0.0617220739021283	4
9.665635	0.0141499874643785	41.1843666666667	0.241681048119554	47.9181166666667	0.0724290632898119	4
9.66250333333334	0.0138667636495474	41.1957166666667	0.406504635740551	47.9192	0.0821467888310577	4
9.66273666666666	0.0145336173155899	41.2007333333333	0.609804283185396	47.92575	0.0742548577421387	4
9.65965500000002	0.0142561579114896	41.1700333333333	-0.553417731151125	47.9562	0.0848469809097027	4
9.6596	0.0141637219107105	41.15015	-0.785709802716264	47.9485166666667	0.0812150298494461	4
9.65862666666666	0.0143432971282666	41.1458166666666	-0.627122754018136	47.9158333333333	0.0704874472937471	4
9.65536666666667	0.0146615309468372	41.1188166666667	0.764796271293653	47.90215	0.0861690937161606	4
9.65286833333334	0.0152422069271121	41.10335	0.71330043248977	47.9006666666667	0.0820257641762672	4
9.66162333333335	0.0172047899401212	41.1521666666667	0.358922180253322	47.89765	0.097283758464694	4
9.66331166666666	0.0140144641673779	41.1503166666667	-0.534589262299935	47.8819666666667	0.0922909854140728	4
9.66435166666666	0.0134989518132204	41.1895	-0.00616111739044291	47.8980333333333	0.0743689762788785	4
9.660915	0.0141644682899345	41.1877666666667	1.48087738505168	47.8947666666667	0.084350633539596	4
9.659875	0.0165811418618382	41.1126666666667	1.49874737445448	47.8933166666667	0.0814875454072415	4
9.658885	0.014207211188322	41.10025	-0.425907979457525	47.8872166666667	0.0853318728909286	4
9.65575833333333	0.0141408345779103	41.1005333333333	-1.28927471992253	47.88655	0.0890121730391555	4
9.65722666666666	0.0140564788104919	41.10825	1.80605374770077	47.87955	0.0811028693926974	4
9.65717833333333	0.0146863659947736	41.1044833333333	-0.809503334484269	47.8411666666667	0.0865861316383308	4
9.65875	0.0151843705340126	41.1015	-2.18366756317774	47.8500333333333	0.0831543320450178	4
9.66008666666667	0.0138375679233121	41.10505	-0.976519970484399	47.8353	0.0722871627490325	4
9.656935	0.0148210508257444	41.1068333333333	-1.17632708161492	47.8646166666667	0.0886753919711832	4
9.65588000000001	0.0134543908963078	41.1028	-2.28575553433508	47.8488166666667	0.0861918419330931	4
9.65491833333332	0.0145909729413262	41.05855	-0.250963281017961	47.8269833333333	0.0646973375049232	4
9.65369333333333	0.0140424810609142	41.0725166666667	-0.373592306168411	47.8134833333334	0.0631915279846874	4
9.65053333333333	0.014294968780762	41.0331833333333	1.14776191577407	47.8127333333333	0.0568100810660787	4
9.65363000000001	0.0148840740199848	41.0684333333333	-0.627799312079293	47.80255	0.0701804997301453	4
9.65268000000001	0.013787231275486	41.0174833333333	-0.779051650178625	47.7688333333333	0.0550750386927296	4
9.65598	0.0152305465840445	41.0475333333333	-0.106074019029576	47.8054333333334	0.0650830933464908	4
9.65839166666666	0.0137369126263167	41.08525	-1.46844176667531	47.8027666666667	0.0748176011799879	4
9.65953833333334	0.0134318982416055	41.0643	-0.0531174756597239	47.7709333333333	0.0580367699537691	4
9.66123666666666	0.0137407667182572	40.9992333333333	-1.18648975693972	47.76555	0.0467312638064628	4
9.656835	0.0137364086720417	40.99515	-0.997177134193187	47.76795	0.0493518756190549	4
9.65988833333333	0.0148996374412945	40.9979	-0.539937153070355	47.7645333333333	0.0598173679972992	4
9.66016666666666	0.014380085778623	40.9669833333333	-0.0294502400098103	47.7688166666667	0.0626838966877048	4
9.66755166666666	0.0141272772970804	40.9415833333333	1.1533555932486	47.7528666666667	0.0556838736557615	3
9.66750333333332	0.0129311773555965	40.9538833333333	0.700205313091338	47.69	0.0700167050285207	3
9.66730166666666	0.0153162760184717	40.9238333333333	-1.20224953997422	47.6737	0.0871972826508656	3
9.66574666666666	0.013338253404977	40.9302666666667	-0.557329526443146	47.6776833333333	0.0925571727419799	3
9.66898666666667	0.0140940019289357	40.92935	1.60575757114593	47.6523	0.0911335953608208	3
9.66908333333333	0.0142256929340769	40.9201666666667	-2.24998935813034	47.64275	0.0906934910676279	3
9.66984166666666	0.015171911835256	40.8914	-0.200062662844838	47.6369	0.0769910186265419	3
9.66963833333334	0.0146053548812607	40.9041833333333	-0.970391016822803	47.6310666666667	0.0939675145213003	3
9.67309333333334	0.0149252323205344	40.9216	-2.11060321957269	47.6219833333333	0.0869964915845612	3
9.67229833333333	0.0131666852278279	40.92255	-1.30036101553976	47.6244	0.0660362509586811	3
9.67546833333333	0.0131745314028632	40.9028166666667	-0.672221388902928	47.5928833333333	0.0748311300368958	3
9.67943166666666	0.0141235425671689	40.8795666666667	0.225996909342128	47.5222666666667	0.0813460627252725	3
9.68588166666666	0.0149839423418001	40.7740833333333	0.904641612792305	47.4448666666666	0.0657276008547727	3
9.68741666666667	0.0142801585110503	40.7211833333333	0.187680373323656	47.4208666666667	0.0612517634935799	3
9.68625166666667	0.0140877880986125	40.6837	-0.895441187532185	47.40475	0.0688677497029812	3
9.68955666666668	0.0149753315984331	40.6628833333333	-1.23426914730869	47.36485	0.0745414968038793	3
9.69053833333333	0.0150913256786845	40.6164	1.15493599954738	47.2858666666666	0.0829360518747131	3
9.69343	0.0134480425991883	40.63915	-0.268534138300321	47.27465	0.0795744667761714	3
9.69371333333334	0.0143509955756471	40.5964333333333	-0.177402468556531	47.2415166666667	0.0833868850531678	3
9.69454833333334	0.0138195258981259	40.6309666666666	0.327804362134977	47.221	0.0826044280013118	3
9.69407333333334	0.0139458033570801	40.5959666666666	-0.604772839524623	47.2220666666667	0.0759504447419323	3
9.69340666666666	0.0149038528667146	40.58505	-0.712288791545411	47.21765	0.0900511765985309	3
9.69142500000001	0.0143806251242754	40.5923333333333	-0.596867406082867	47.2137333333333	0.0785997944247688	3
9.68675166666667	0.0146993235925678	40.5733	-0.865741863062594	47.2371	0.0828481764372833	3
9.69165833333334	0.0156751751425134	40.47185	-0.0807886772555049	47.2047666666667	0.0840632059754455	3
9.69686166666667	0.0133441363094544	40.4871166666667	0.0365211365977151	47.1787	0.0758498293351383	3
9.69881833333334	0.0141037888049032	40.54425	0.145006796204244	47.17305	0.0736290346654279	3
9.69411666666669	0.0138136798793287	40.5172666666666	0.123380615307914	47.1843666666667	0.0816609291193344	3
9.69331	0.0146519064950573	40.4462666666667	1.42672837279378	47.1855666666667	0.0818589871993961	3
9.69847	0.014440682885642	40.54425	-0.418983194747997	47.17295	0.0698493354371893	3
9.69568000000001	0.014005517634383	40.5115166666667	0.271209780942179	47.1735333333333	0.0716754612919409	3
9.69108333333332	0.0159594557949514	40.5716166666667	-0.0595739443280529	47.1691166666667	0.0849289018036964	3
9.69050333333333	0.0145927460043956	40.5153333333333	1.26858501926261	47.1493833333333	0.0755434753414658	3
9.69194833333334	0.0140387847176838	40.4883166666666	-0.610811883586546	47.1513833333333	0.0616477394987909	3
9.69334666666667	0.0140504631506154	40.5016666666667	-0.119154788437986	47.1639333333333	0.0789775481218846	3
9.69280500000001	0.0152654959722506	40.5159833333333	2.30157157090442	47.1749333333333	0.084978535009904	3
9.68763666666667	0.0153004846417581	40.5090833333333	-1.37709346680378	47.1471	0.0561917721222358	3
9.68481166666668	0.014220521648266	40.4457833333333	2.12206468502277	47.1414333333333	0.0880432033135863	3
9.68708666666668	0.0155417201105781	40.4676333333333	0.461546744975795	47.1363	0.0753752870528865	3
9.68999500000001	0.0156693178175731	40.4356166666667	1.3828719073149	47.12695	0.058377330461956	3
9.68857333333333	0.0154439464308129	40.42905	-0.58046145698177	47.1304333333333	0.0588449173147966	3
9.69234833333334	0.0151998483393131	40.43335	1.75840491433355	47.1104166666667	0.0634917028255153	3
9.69302166666667	0.0140553828431318	40.4323833333333	-1.02664590428187	47.1044	0.0612179213817729	3
9.69633833333334	0.0145069391221366	40.4396	1.67195242186849	47.10095	0.0465550248521352	3
9.69681000000001	0.0146652315026066	40.4292833333333	-3.54322732272434	47.0776333333333	0.058758906044513	3
9.69787666666667	0.0143742531682798	40.4073333333333	-0.968454879320664	47.0703	0.0613739026965306	3
9.69585166666668	0.014270332905166	40.43145	-0.766804379623155	47.0746833333333	0.0665010492249745	3
9.69136	0.0142543224853327	40.41255	-1.00619767028641	47.0724166666667	0.0587313018688416	3
9.68855833333332	0.0134901162318493	40.4109333333333	-1.96827721944429	47.0753	0.0648268358326059	3
9.68517500000001	0.0150224442547025	40.3124666666666	0.760321099305555	47.07255	0.0654544543420858	3
9.68755999999999	0.0149408315502302	40.3894166666667	-0.092599323042524	47.04285	0.0745176182102508	3
9.69060666666666	0.0155710002559407	40.4025333333333	-0.504343030787631	47.0515333333333	0.0833998875475126	3
9.69301833333333	0.0144919987326686	40.4242	-2.32588689238856	47.0235166666667	0.0701176956476597	3
9.68837666666666	0.0144739056741663	40.3204	0.560198352670114	47.0327333333333	0.0660659318002305	3
9.68441999999999	0.0145925267309671	40.33165	-0.0641540605377211	47.0580166666667	0.080250981654414	3
9.68569833333333	0.0143572588618301	40.4135666666666	-1.21389542960146	47.0607333333333	0.071057834326758	3
9.68458666666666	0.0142524047312466	40.4258	-0.97096864762172	47.0212	0.0656301398310048	3
9.68851833333333	0.0141600556442634	40.4101833333333	-1.1885889372039	47.0385333333333	0.049568807396049	3
9.68649166666667	0.0145318692050683	40.4134833333333	-1.62670204476667	47.0286333333333	0.0537196005218387	3
9.688625	0.0159650403231833	40.40335	-1.41442657204393	47.0316333333333	0.0728776468639681	3
9.69496666666668	0.0149414736537978	40.3475166666666	-0.536536027795779	47.02295	0.0788311701665684	3
9.69291000000001	0.0148223278312561	40.32795	0.615308596497548	47.0277333333333	0.0841954680262428	3
9.69690500000001	0.0148204380493051	40.35885	0.0724175558541623	47.0028166666667	0.0747029125352075	3
9.69387499999999	0.0144575612326097	40.4369166666667	-1.32840805724942	47.04115	0.0804941991804057	3
9.69247	0.0150260463900809	40.4203666666666	-1.30548965278964	47.0633666666667	0.0620986002917297	3
9.69342000000001	0.0142322824278179	40.38645	0.380120633133094	47.0380333333333	0.074960320953916	3
9.69353666666666	0.0149752825471787	40.35245	-0.102807644223187	47.0199333333334	0.0927637543671754	3
9.69055	0.0151266495258025	40.2789166666666	1.72619412107598	47.0077833333333	0.0776952088627476	3
9.68924333333335	0.0146494071816409	40.2706333333333	-0.871975884342456	46.9873333333333	0.0784469304941548	3
9.68923166666666	0.015258966456407	40.2648333333333	-2.00070299985488	46.9787666666667	0.0853061022052127	3
9.690035	0.0142536212192939	40.2843666666667	0.977909621740003	46.9569833333333	0.0673159742964499	3
9.69493166666667	0.0148447839292257	40.2648333333333	0.426633572238875	46.9683833333333	0.0752280356292304	3
9.69250833333333	0.0148248515764126	40.2911166666667	0.794776670017739	46.95685	0.0582769032947633	3
9.69386833333334	0.0146401806240018	40.2713166666667	-0.708799548583111	46.9512833333333	0.0814129652079741	3
9.69486999999999	0.0139015054252581	40.2501833333333	-1.0862717211533	46.9441666666667	0.0532000276113945	3
9.69682666666666	0.0158947904304189	40.2422166666667	-0.745877422216446	46.9376833333333	0.0655062402685758	3
9.69591333333335	0.0142037107083102	40.20905	0.869579553233845	46.9084666666667	0.0532816204093531	3
9.69678333333333	0.014893603367139	40.22585	-0.368213377475369	46.8921	0.0670564396735683	3
9.69677166666668	0.0136404900512024	40.2628166666667	-0.623655194025292	46.91135	0.0593241097699749	3
9.69227	0.01443911054008	40.2574333333333	-2.8502128483003	46.93035	0.0718941842488921	3
9.69851833333333	0.0149601472998858	40.2255833333333	-0.222062097714806	46.8916	0.0671649121471086	3
9.69567666666666	0.0140854341305703	40.1610333333333	-1.52940087762343	46.8727	0.0821875284365491	3
9.698945	0.0145292971541293	40.1346	-0.0231344831358486	46.8566	0.0727335979529855	3
9.69793666666666	0.0144009827000371	40.0947166666667	0.371807439841719	46.8285	0.0726051546005954	3
9.69716166666668	0.0154004595433318	40.0932833333333	-0.121999055388911	46.8236666666667	0.0996916715605224	3
9.696465	0.0144115090925231	40.1213666666667	0.510122916492382	46.7791333333333	0.0856867504871063	3
9.69199166666668	0.0144332531057363	40.1195666666667	0.764348124409653	46.7848166666667	0.0938918403463043	3
9.688445	0.0143279141377673	40.0842166666667	-1.39617788811698	46.8065333333333	0.0855341079091806	3
9.69195500000001	0.0153692332453808	40.0397	0.753304316307506	46.7957166666667	0.0872075435367696	3
9.69390833333333	0.0138573677740374	40.0989833333333	2.76800253928291	46.7807333333333	0.0818576413435413	3
9.690125	0.0141390439070095	39.9985333333333	-2.05482080795097	46.75835	0.0771577352032505	3
9.69717000000001	0.0152916368295946	40.0011333333333	-1.8440750210492	46.7326333333333	0.0852191525116405	3
9.69608333333335	0.01505780921159	40.0127666666667	-1.00159043420265	46.7277166666667	0.0838236833299851	3
9.69686333333334	0.0153558129234434	40.04485	0.126544892317067	46.7367333333333	0.085699883643429	3
9.691985	0.0141579962009947	40.0237833333333	1.65257419426849	46.7618666666667	0.0868658554102723	3
9.69199	0.0150659064079516	40.0486333333333	0.0981011942385898	46.8113666666667	0.0930079214170913	3
9.690735	0.0153113957473801	40.0210166666667	1.86716928537266	46.8041166666667	0.0848338539049219	3
9.69273	0.0152185119238148	40.03885	0.599036416159931	46.8122	0.0857354622751023	3
9.69043	0.0155455633832133	40.062	-0.394919335605772	46.8644	0.0716661752709475	3
9.69501	0.0145936581464974	40.0805	-1.669554998619	46.832	0.0704251014571814	3
9.70034500000001	0.0158269853132821	40.13655	-0.260866013133943	46.8586166666666	0.0865056266743828	3
9.70126166666668	0.0144996642833357	40.1125	1.07834495824255	46.8687333333333	0.0785818943796461	3
9.70252	0.0142913728836024	40.0925833333333	-0.393121859798155	46.8866666666666	0.0694573803394267	3
9.70491000000001	0.0147138050857067	40.1437333333333	-0.306256862036638	46.9022833333333	0.0411211899133162	3
9.70312833333334	0.0142480481241398	40.1013166666667	0.243571856837228	46.8888166666667	0.0873854682226808	3
9.70160666666667	0.0142466452328096	40.0567833333333	-0.0412859589245498	46.9136166666666	0.0682959888309369	3
9.70135	0.0143584275160813	40.1312833333333	-0.648785929280319	46.91255	0.0765064359760844	3
9.69602833333335	0.0151669902489225	40.1066333333333	1.86232943293324	46.9283333333333	0.0816650178549115	3
9.701005	0.0142866542321351	40.0885166666667	-0.4605974514914	46.8931833333333	0.0644077297357819	3
9.70047999999999	0.0145070220749288	40.0170166666667	1.88310226285759	46.86875	0.0657549701672424	3
9.69960833333334	0.01463906078693	40.08035	-0.165855727469053	46.9346666666667	0.0777060228598824	3
9.70051833333333	0.0142441036234512	40.0587833333334	-0.215600086009587	46.9334	0.0654857210467823	3
9.70280500000001	0.014420247833491	40.0496666666667	0.0574288770649849	46.9096333333333	0.09243760454741	3
9.70472166666667	0.0139871463969403	40.0302833333333	0.898980979791917	46.8513833333334	0.0617268701391472	3
9.70500500000001	0.0141580032759309	40.0510333333333	0.583175441507887	46.8589	0.0712947332069555	3
9.70555500000001	0.0151064218674067	40.1033166666667	0.979944465459225	46.87595	0.102229954315368	3
9.70165666666668	0.0146068839017004	40.0817	-1.09518649036056	46.9019833333333	0.0599232536473423	3
9.70003999999999	0.0144000231867741	40.0431	0.953399625548839	46.88825	0.080026187451147	3
9.70242000000001	0.0142737462866303	40.0552	-0.149261854088141	46.8558166666667	0.0934165977461357	3
9.70137000000002	0.0152397566791403	40.0752833333333	0.368928316347389	46.8598166666667	0.0943402589739765	3
9.69919833333334	0.0143024449112599	40.0948166666667	0.294677791211394	46.8549666666667	0.0847684716466613	3
9.69563	0.0139946245344335	40.0761833333333	-1.00639950035529	46.8767333333333	0.0637492084807404	3
9.69293666666667	0.0139629603830989	40.06135	-0.273263017084191	46.8721666666667	0.0685125663759028	3
9.69269833333333	0.0154817140417873	40.063	-0.458742476136286	46.8415833333333	0.077923754926986	3
9.69413833333334	0.0154957864019841	40.1052833333333	-0.0813467104393895	46.8628	0.0794668249723527	3
9.69713	0.0147123708635753	40.0823166666667	-1.29388816332187	46.8293166666667	0.0767749278607457	3
9.69454166666666	0.014971255615793	40.037	1.21198915127774	46.8048166666667	0.080684884364866	3
9.69204999999999	0.0144562260214982	40.0181	-0.963182856490224	46.8376666666667	0.0709202623783871	3
9.69071333333334	0.0145163941247887	40.0141833333333	-0.433447043412886	46.8269166666667	0.0682486211859646	3
9.69825	0.0170944786993737	40.0253833333333	0.496659773251171	46.8243833333334	0.0985501836658113	3
9.69976500000001	0.0150911457307183	40.0346833333333	1.27933229636049	46.8083333333333	0.0820871109572679	3
9.69536166666667	0.0147122947422622	40.0212166666667	-0.745774148416153	46.7996833333333	0.0818387193735382	3
9.69546666666667	0.0146811028260552	40.0054666666667	-1.48132185518232	46.77715	0.0813414700245991	3
9.69612999999999	0.0140346494663294	40.01905	-0.972760723689788	46.7669666666667	0.0803983655004337	2
9.69669666666667	0.0152148109751838	40.0188333333333	-0.841387931275233	46.7777	0.0911042055625677	2
9.69342833333332	0.0150037790639299	39.9748333333333	0.1859647002565	46.7403166666667	0.0895978759710923	2
9.69305333333334	0.0162846288705426	39.9160833333333	-0.472356561360456	46.7335833333334	0.0869719011055924	2
9.70137166666666	0.0156038241927405	39.8962666666667	0.169976210294221	46.7515	0.0908264316042754	2
9.70753833333334	0.0149511792229181	39.9321666666666	-0.570557120664055	46.7426666666667	0.0890158368440111	2
9.70620833333334	0.0142352614424926	39.8510666666667	2.10901882226154	46.6855333333333	0.0514713896723433	2
9.71551166666667	0.0140757501324753	39.8955333333333	0.130038461307048	46.69875	0.0785196995685731	2
9.716115	0.0149857508837312	39.8710166666667	0.82404164891213	46.69085	0.0563478377008318	2
9.7146	0.015170593644258	39.9219666666667	-2.03816869437521	46.6828333333333	0.0729123380474663	2
9.71414666666666	0.0156940219860639	39.95255	-0.426432204773075	46.66715	0.122662113416477	2
9.718875	0.0163947355551472	39.8501	0.648796231065839	46.5997333333333	0.0932761285549091	2
9.72596000000001	0.0147664647360611	39.84425	-0.728251705292101	46.4980666666667	0.0703195772018934	2
9.72520333333334	0.0145620079550072	39.7908166666667	0.676673109772902	46.4532833333333	0.0859680846705389	2
9.72239333333333	0.0151472005674517	39.7664833333333	0.58399974210104	46.4363166666667	0.0775153329100645	2
9.72503166666667	0.0140022892436318	39.7189666666667	0.45614338616311	46.3955	0.0709933155125017	2
9.72580666666667	0.0150928994866376	39.6701166666667	0.00845450680378798	46.37175	0.0835515927081455	2
9.72708000000001	0.0153987706293335	39.6658	-0.593491195390173	46.3564166666667	0.0858404692332935	2
9.73532	0.0159395016501382	39.6864	-1.78874815209202	46.3312833333333	0.0747749372646868	2
9.73038833333334	0.0140532328241668	39.65665	-0.312917494269624	46.34125	0.0915433813990183	2
9.72771833333333	0.0149962376101359	39.63625	0.440171578950756	46.3465	0.0827162804461577	2
9.72988	0.0145504338495002	39.7258166666667	-1.18974072955282	46.36145	0.0852947879266817	2
9.72986166666667	0.0141754754439605	39.70955	1.04510595183179	46.3587833333333	0.0911858024309251	2
9.72396166666667	0.0143161371720204	39.6505833333333	0.0209754489220684	46.3621166666667	0.0863748416892108	2
9.72558166666667	0.0150427325829283	39.7136333333333	-0.94513365662079	46.3527666666667	0.078774590815771	2
9.72717833333333	0.0144076077991124	39.7172333333333	0.202674747148533	46.3568333333334	0.0705042772273048	2
9.72898666666667	0.015597391446075	39.74985	-1.87876841228381	46.3682666666667	0.0827874277417187	2
9.73041000000001	0.0152709059198427	39.7814833333333	0.0805138408575651	46.3654333333333	0.0775767234587725	2
9.72045666666667	0.0145879906546832	39.80815	-0.355086476374754	46.37595	0.0783781414097548	2
9.71688666666666	0.0143501579763244	39.7965333333333	0.2848307880249	46.3854166666667	0.0742219054116633	2
9.72412166666666	0.0155637585924726	39.8453333333333	2.04916129865672	46.40505	0.0639389075470096	2
9.72634333333333	0.0141727520400782	39.8452	-0.921403201025821	46.4068333333333	0.080779920031069	2
9.72656333333334	0.0150738634005549	39.763	-0.206756181013062	46.4150666666667	0.0861401826875608	2
9.72614499999998	0.0150384251852853	39.75345	-1.48460059368246	46.4579333333334	0.0597695763736618	2
9.73214833333334	0.0152381100277424	39.7034666666667	1.25193060452856	46.4263833333333	0.0920606085669512	2
9.74215333333334	0.014693524253239	39.7662	-0.0463913727071617	46.3928833333333	0.068062307363296	2
9.7404	0.0143015461998406	39.7311333333333	-0.0442263874492448	46.4171833333333	0.0609969412032945	2
9.73318999999999	0.0155410136469695	39.66855	-0.744093109275699	46.41685	0.0930257527675318	2
9.73011499999999	0.0153661523941095	39.67345	-0.437805705657035	46.4118833333333	0.0784735930250418	2
9.72768333333334	0.0148679122131585	39.7167833333333	0.119307875506826	46.3937166666667	0.0729069738513282	2
9.73015833333333	0.0149506678112459	39.7341833333333	-0.536159404520807	46.369	0.0733457103063223	2
9.73292166666667	0.0141080565394774	39.756	-0.0489902829997842	46.3947833333333	0.0788465774042318	2
9.73927833333333	0.0151288576715592	39.7660666666667	1.02350253252315	46.3724666666667	0.0751620772271978	2
9.74320000000001	0.0162631736764399	39.7841	0.856687134375418	46.4016333333333	0.0800815192008373	2
9.73003	0.0137968482525118	39.7753666666667	1.5364758155624	46.4086833333333	0.0691523720849236	2
9.72181666666668	0.0137620994470638	39.7476833333333	-1.03653776309262	46.3814666666667	0.0745418700830634	2
9.72012333333334	0.0152297306843145	39.6875833333333	-0.472036720919593	46.38245	0.0753121020279237	2
9.72562499999999	0.0141598685774345	39.7063666666667	0.84955178398518	46.37355	0.070661145317827	2
9.72726333333333	0.0155125235277572	39.7591333333333	-0.61094812551548	46.3659833333333	0.071872884886589	2
9.72740666666667	0.0143354035595182	39.6608833333333	-0.510883132075713	46.3474666666667	0.082570045593899	2
9.72669333333334	0.015944790668784	39.6200833333333	0.36307494714879	46.3308333333333	0.0751189264256662	2
9.73004166666667	0.0152395429723324	39.6625166666667	-0.586602005298602	46.3483333333333	0.0813876821285625	2
9.73172	0.0149501654085466	39.68205	-2.36142680212315	46.3641	0.0760039472659153	2
9.73133666666666	0.016922586843171	39.6535166666667	-0.441409465815888	46.3718833333333	0.0900860401658793	2
9.72946666666667	0.0148789962622431	39.5968833333333	-2.47046868260968	46.36375	0.0765007200586471	2
9.73224666666667	0.0154712018181648	39.6706833333333	0.029882917996608	46.3602833333333	0.0803412407904647	2
9.73957833333334	0.0164916287932994	39.7694333333333	1.90992471213559	46.3670833333333	0.0816769767503269	2
9.73643666666668	0.015582490566101	39.72	0.382326255128629	46.3494	0.0875524443318098	2
9.73024333333334	0.0150116523095892	39.6451333333333	-0.197750383608537	46.3565166666667	0.0843078482517268	2
9.72510833333333	0.0148343079281914	39.6111666666667	0.161395022199218	46.36025	0.0864363437763526	2
9.72797666666668	0.0144367640354495	39.6156833333333	1.3110543351984	46.34785	0.0907058619375321	2
9.73224499999999	0.0171741052601237	39.5782333333333	-0.518281801867769	46.35245	0.0889662714607459	2
9.73381333333333	0.0144486364078287	39.6176833333333	-0.288862852061224	46.3236333333333	0.0831873455717687	2
9.73852333333333	0.0159423875802367	39.6943	1.61720209536152	46.3234833333333	0.0817052353293598	2
9.73746500000001	0.0156443819354928	39.63945	0.38774068250246	46.32275	0.0739740277371798	2
9.71256166666667	0.0144053944596502	39.5785666666667	-0.45680459953919	46.3392	0.0942114102989046	2
9.71036	0.0144607141509769	39.5735166666667	-0.410626390759414	46.31055	0.0847669637039884	2
9.71295333333334	0.0143664591137832	39.56215	0.819205161852482	46.3193333333333	0.0857759530654944	2
9.71638833333334	0.0139679168713556	39.6578333333333	-0.372797839337345	46.2950166666667	0.0732896486474735	2
9.71299166666668	0.0140023226271149	39.61915	0.848830690567013	46.2729833333333	0.053237075034154	2
9.71203500000001	0.0147164782773647	39.6026833333333	0.190089614880285	46.2923833333333	0.077387007113963	2
9.71712	0.0139902995250758	39.65415	-0.294099655892438	46.3011333333333	0.0770437838684497	2
9.72562833333334	0.0189376500179553	39.6817166666666	-1.9786366838444	46.2858833333333	0.0667144412152777	2
9.73827833333334	0.0153256535472381	39.6960833333333	-0.581083987259683	46.3087666666667	0.0767718095036402	2
9.74053333333334	0.0147832042343537	39.6773333333333	-1.51438023211442	46.2919333333333	0.0788151380681439	2
9.73322166666667	0.0153039062486129	39.66555	-0.929749811727471	46.31885	0.087937733171002	2
9.73468833333333	0.016502982900977	39.65015	-0.0823330051078465	46.3076333333333	0.081604246870765	2
9.73421666666667	0.0154769381634012	39.6613166666667	-0.333329364957371	46.3342333333333	0.0881203658075512	2
9.73466833333334	0.0162538809200704	39.64285	0.149872720971624	46.3080666666667	0.0817832742973913	2
9.73919500000001	0.0149995094521902	39.6685	-0.910680429129572	46.3304666666667	0.0755033878837292	2
9.73466333333334	0.0144946016854179	39.6902333333333	1.23231021103549	46.2981666666667	0.0692478150341637	2
9.73536499999999	0.0150850158935121	39.72785	-0.226213013918511	46.3228166666667	0.0928115443700921	2
9.73335666666666	0.0154399949685853	39.66225	-0.576627242090898	46.3328833333333	0.0781009975557874	2
9.73679166666666	0.0142863021085041	39.6304	0.650265595217218	46.29175	0.0627828177401264	2
9.73530333333334	0.0163828768325674	39.6731	0.212574751324194	46.3167333333333	0.083712758816686	2
9.73495833333332	0.0149904787997793	39.7000333333333	-0.350496857493558	46.3174333333333	0.0853355027090066	2
9.73970833333332	0.0153050210717125	39.7018	1.95877915090031	46.3185666666667	0.0802691165607692	2
9.74000000000001	0.0151900591339913	39.7243166666667	0.22572942254966	46.3203666666667	0.0854898084255243	2
9.74039666666668	0.0155561127308328	39.7631	0.111651473347876	46.33105	0.0833870747615496	2
9.73871499999999	0.0159915600131055	39.7738666666667	1.49405512168946	46.3172166666667	0.0817196720640752	2
9.733665	0.0140016493781571	39.7718833333333	1.10866746052985	46.3559	0.0831200275688773	2
9.72771166666666	0.014580907676479	39.73575	-0.0739063138154123	46.3543833333333	0.0802597671687926	2
9.72884666666666	0.0147275702147233	39.7607166666667	-2.23032829697993	46.3655166666667	0.0843564856230192	2
9.72780333333334	0.0165505646693301	39.7726166666667	-0.116437611872087	46.3676166666667	0.0746183718157227	2
9.73367333333334	0.0145916007887478	39.7998666666667	0.096783420365831	46.4063333333333	0.0597025584060348	2
9.72742166666667	0.0152280559067813	39.821	-1.03736550052033	46.4646	0.0612123838140889	2
9.72445166666667	0.0155141487651994	39.8182666666667	-0.868426408530879	46.4953166666667	0.064078471930686	2
9.72275166666665	0.0148539915734794	39.8403666666667	-0.898690859402438	46.5174	0.0675764977699171	2
9.72526833333333	0.0157429157469611	39.8259833333333	-1.57252959794147	46.5302166666667	0.0800741376108691	2
9.72561666666666	0.016192901912344	39.8525833333333	1.33896633688149	46.5336	0.0782059861595427	2
9.724275	0.0146908955599692	39.8459	2.05913406575964	46.5445333333333	0.080637180024229	2
9.72209333333334	0.0143266666692562	39.8382166666667	-0.698188921667102	46.5338	0.0790791922320144	2
9.72561166666668	0.0167703987533431	39.8367333333333	-1.65655587575103	46.5717166666667	0.0739789460811443	2
9.726695	0.0143926099220149	39.84925	-0.566536388290322	46.5748666666667	0.0659451406998341	2
9.72137	0.0138175483016506	39.84305	-0.630786328511097	46.5807833333333	0.0747710837941476	2
9.72226333333333	0.0146238532551766	39.84375	-1.2360504489831	46.5874166666667	0.08593065625035	2
9.72488499999999	0.0163240896071574	39.8249	-1.1414927166281	46.5719666666667	0.0832191239972515	2
9.72614833333333	0.0145670860922007	39.8475833333333	2.04694627849374	46.5965	0.0672260290590689	2
9.72388333333333	0.0145459856450568	39.8444333333333	-0.51104632710219	46.5975166666667	0.0763778501183461	2
9.71975333333334	0.0167613860502675	39.8269333333333	-1.48655182050949	46.5830833333333	0.0896619435674567	2
9.723145	0.0161759103337404	39.8430333333333	2.11837299715202	46.60285	0.0780116951249695	2
9.72347166666667	0.0161342199163581	39.8359166666667	-0.566082384837676	46.5892666666667	0.0773961560528128	2
9.72142833333334	0.0153751592867862	39.8363833333333	-1.09140182379203	46.5593166666667	0.082997343569225	2
9.72016833333333	0.0173210862998418	39.8138	-0.460715642848582	46.5653	0.0853088705225343	2
9.72415	0.0156917563930183	39.8370666666667	-1.87975838538094	46.55235	0.0826427527147494	2
9.73021	0.0156795721126586	39.82965	-1.6419408812192	46.5561833333333	0.0746161911966871	2
9.72732666666667	0.0153585947581084	39.8399333333333	-0.267311721693851	46.5587333333333	0.08010033256383	2
9.72606333333333	0.01480150205195	39.8769166666667	0.300080800397826	46.5806666666667	0.0803630884716399	2
9.726025	0.0142029544411752	39.9302333333333	0.0196826213387317	46.5802666666666	0.0824834583656313	2
9.72561166666666	0.0165001400476342	39.92415	-0.0494814281144048	46.59315	0.0842439607049328	2
9.72252666666667	0.0145499871396907	39.8861166666667	0.202938561046609	46.6196	0.0691488691280991	2
9.72162333333334	0.0154585380794826	39.8847	-0.00101998993399699	46.6311	0.0675244337447001	2
9.72677	0.016047938410027	39.9013833333333	-0.848528637008548	46.6023666666667	0.0820039202590529	2
9.72217666666666	0.0148890876295233	39.91585	-0.112071570321044	46.64785	0.0791250512089159	2
9.72322833333333	0.0154116426261539	39.8785833333333	0.332139542166676	46.6377	0.069773313338534	2
9.72489833333333	0.0158746550096377	39.8695	0.890349963024186	46.60285	0.0791691655864895	2
9.72247833333334	0.0153305111300332	39.89955	-0.509731426431766	46.6512	0.0648308882231034	2
9.71957166666667	0.014838412809779	39.9239666666666	-0.193242476793274	46.63395	0.0821345372141937	2
9.72173166666667	0.0161451987587794	39.92985	1.50808981987983	46.6335333333333	0.0719548979891761	2
9.71747833333333	0.0150195041995252	39.8562333333333	1.63175536855659	46.6049833333333	0.0683885934751845	2
9.71683999999999	0.0162616666736535	39.8691	0.623268368079339	46.6608333333333	0.0947244293417715	2
9.72445499999999	0.0166115787705067	39.912	-0.688941904158013	46.65135	0.0817548682010816	2
9.72585666666668	0.0160861450424301	39.9191666666667	-0.0640749264312629	46.6551	0.0690182240733364	2
9.72946166666667	0.0157679922582209	39.9200333333333	-1.85309815465471	46.65695	0.0667132556136802	1
9.732905	0.0170109257338886	39.8998333333333	-0.947618139632739	46.6221833333333	0.0867336643470884	1
9.73209833333334	0.0160843560041739	39.8636666666667	0.901522748022602	46.5964333333333	0.076482493104059	1
9.72589500000001	0.0156498830581219	39.8518	1.55379291838098	46.5956	0.0915329337785136	1
9.72351333333333	0.0152062005921808	39.84985	-0.353868628953188	46.5524	0.0736554507401104	1
9.72044166666666	0.0151245225553217	39.8497	-0.943775919554793	46.5547333333333	0.0759865881713406	1
9.71830500000001	0.0142774314946167	39.84165	-2.1124790690981	46.57465	0.0617136155073013	1
9.72271166666668	0.0169607776114245	39.8447	-0.472448805851395	46.5813833333333	0.0824269767562488	1
9.72935833333334	0.0159872632074305	39.8437833333333	-0.66959761909341	46.5468333333333	0.0884252373413273	1
9.72885000000001	0.0162164254412047	39.8387333333333	-1.36919536955555	46.5840166666666	0.0841788837136536	1
9.72874166666667	0.0159492600261326	39.8000166666667	0.295924847069834	46.5227666666667	0.0882082218133897	1
9.73341166666667	0.0169214683377872	39.7743166666667	-0.0474582690907771	46.4811333333333	0.0767773507091832	1
9.73933666666667	0.0156241323409622	39.7589	0.0444210230094992	46.4043833333333	0.0843057574217996	1
9.74481000000001	0.0146672804293088	39.73575	-0.427041529615055	46.3509666666667	0.0871873040568445	1
9.74585333333335	0.0145790742011679	39.6675	-0.504772083633762	46.31405	0.0822316745851909	1
9.74164	0.0148800569047685	39.6185833333333	0.213280370534736	46.3128333333333	0.079545353584205	1
9.74670499999999	0.0141835561046218	39.6839666666666	-0.736179936025293	46.2904666666667	0.0615143545784974	1
9.74318666666667	0.0142262362750357	39.6959	0.69389284200606	46.2948833333333	0.059473136413026	1
9.73800500000001	0.0156056892690648	39.6529333333333	-0.440393904026758	46.2966333333333	0.0612388949923748	1
9.74042166666668	0.0162775549519651	39.6952833333333	-3.05799190096789	46.2981333333333	0.0811745277461	1
9.73986000000001	0.0162178532675468	39.6917666666667	-0.594737460899176	46.3121333333333	0.0950021349745232	1
9.73938833333334	0.0161238175704131	39.7119	-0.434885739487627	46.3081333333333	0.084313673151074	1
9.73701666666666	0.0150921395661238	39.7154666666667	0.257901261419195	46.3304666666667	0.0800411899611408	1
9.73130666666668	0.0138403473311173	39.6948166666667	1.11308488171742	46.3342833333333	0.0796098732627051	1
9.73159833333334	0.014266495202554	39.6725833333333	-0.631595083483208	46.3321166666667	0.0735794489700382	1
9.73173166666668	0.0159966502301742	39.7062833333333	-0.227383494866431	46.33185	0.0915974659186153	1
9.73391	0.015191550458799	39.7516166666667	0.162285711453684	46.3129666666667	0.0683239955036441	1
9.73237333333333	0.014637088604874	39.7032	-0.399538865498717	46.3290666666667	0.0776484617736836	1
9.73066333333334	0.0140733822884652	39.6765833333333	-1.14790861182643	46.31855	0.0744745264150491	1
9.73508	0.0155167075660232	39.71435	-0.2918414112778	46.3314166666667	0.081197038366852	1
9.74038	0.0163278882046037	39.7993333333333	0.395392035273605	46.33795	0.0911060892121127	1
9.73494166666666	0.014910694548167	39.7443	-0.551894613891793	46.3636666666667	0.0854169567309391	1
9.72564666666668	0.0148532663554047	39.671	-0.673831033658595	46.3723166666667	0.0861164941516533	1
9.72079000000001	0.0149472941588476	39.6011833333333	-2.10977066793941	46.3377	0.0775834815548358	1
9.72096166666667	0.0145256734509705	39.5264166666667	0.827391091750494	46.3307	0.0877860071471961	1
9.72671333333335	0.0163569681247049	39.5243666666667	1.74019518321102	46.31215	0.08090417537569	1
9.72930000000001	0.015798924331001	39.6127666666667	-0.233014688663114	46.31015	0.0904491288805719	1
9.73083666666666	0.0159210276287939	39.6949	1.45386020544584	46.3043	0.0862641391014562	1
9.72414166666666	0.0137249975039352	39.5967666666667	-1.0227835186806	46.2869666666667	0.0576058985523418	1
9.72564	0.016377752734764	39.5936166666667	0.239496978370854	46.2993666666667	0.0838394281797898	1
9.72669666666666	0.0158088959410099	39.66825	-0.115251290262472	46.3137833333333	0.091816155970369	1
9.73096833333333	0.0142482402822521	39.69785	1.4492242561303	46.3115333333333	0.0914485067047635	1
9.72975000000001	0.0144930182949871	39.6860166666667	-0.303137747397794	46.3105	0.0859701367149069	1
9.73078333333334	0.0137223744844461	39.71555	0.430956723598475	46.3341333333333	0.0683032784945742	1
9.72766666666666	0.0142371597149902	39.6850666666666	-2.64566615056574	46.3326666666667	0.0771126551346852	1
9.72715333333333	0.01539799725358	39.7252833333333	0.758543587524823	46.32775	0.0859251990425886	1
9.72210333333333	0.0139262062645849	39.6895833333334	-0.638419671845488	46.3332666666667	0.0827329513733064	1
9.72240333333334	0.0149484586579789	39.5904833333333	-0.895368520484632	46.3179666666667	0.0905716247454996	1
9.72461666666667	0.0144994291139321	39.6525833333333	-0.269488584860158	46.3229833333333	0.0802809667095461	1
9.72229833333335	0.0155539664934175	39.7190166666667	0.295587647013174	46.33205	0.0945957366366506	1
9.71875333333333	0.0163421009255233	39.6349833333333	-0.088963130148231	46.32715	0.0950779920710945	1
9.72288	0.0139772866072605	39.6828666666667	-2.02977265746717	46.3250166666667	0.0797307952896128	1
9.72123166666666	0.0150448854494099	39.66255	0.111534772803385	46.3310166666667	0.0858659759113532	1
9.72266333333334	0.0149859139945699	39.7052833333333	0.0978677519358725	46.3382166666667	0.0890638871187453	1
9.71976000000001	0.0147685222262728	39.6728	0.0433576589977234	46.3724166666667	0.0868211275674903	1
9.71862166666667	0.0145568437532196	39.7105333333333	0.398671086399954	46.3350333333333	0.083138635834139	1
9.71349333333334	0.0147055673723183	39.7053	-0.160618050925548	46.37125	0.0735288770668501	1
9.71244000000001	0.0147119158319284	39.61885	0.525332331043973	46.3442	0.0833454725621632	1
9.71519166666668	0.0146062944291314	39.6256666666667	0.144007615283505	46.3320666666667	0.0829947653376183	1
9.71470333333332	0.0155237549313142	39.5851666666667	0.391269951955221	46.3312833333333	0.0920147540981959	1
9.71838333333334	0.0149735344339481	39.68045	-1.42643005148564	46.3301333333333	0.0790870506588844	1
9.71617166666667	0.0142710067366562	39.6424166666667	0.0935202850239034	46.3319333333333	0.0850337653108336	1
9.71870333333334	0.0139038670191318	39.6441666666667	0.396608884675327	46.2989833333333	0.0775170821341918	1
9.71285166666667	0.0146300967223642	39.6913333333333	-0.683820763491699	46.3186666666667	0.0848607366970637	1
9.71543333333333	0.0141324130064377	39.6270666666667	1.12257938141285	46.3054666666667	0.0792741363911647	1
9.71454	0.0142930829553068	39.6617	-0.570849905039115	46.3156	0.0826054949540902	1
9.71565166666667	0.015744951669048	39.63495	0.417946564745162	46.3367	0.0935135809949997	1
9.71450166666667	0.0137422006007459	39.6494	-0.172275708675953	46.30065	0.0739795723064426	1
9.71719833333334	0.014226488868707	39.6693833333333	-1.10675062939751	46.3094333333333	0.0763332050426973	1
9.71750500000001	0.0150508312351217	39.7388666666667	0.443291791890147	46.32005	0.0907948749766967	1
9.71715833333334	0.0147342603457197	39.6924833333333	-1.07532341542171	46.32145	0.0898983276931997	1
9.71964333333334	0.0141798413975258	39.6465833333333	-0.0324583932842542	46.3260666666667	0.0809443974603927	1
9.72149166666667	0.015221785982698	39.6688833333333	0.0191274804737027	46.3146833333334	0.085270952326889	1
9.71936500000001	0.0142613961694208	39.6576	-0.114325513053119	46.34175	0.0797104133724065	1
9.72201166666668	0.0150687305910263	39.7115666666667	-0.655552433227146	46.3345166666667	0.0847875693772617	1
9.72532499999999	0.01511158413133	39.7577333333333	-0.924729135036136	46.3519666666667	0.0833629935916709	1
9.72527000000001	0.0148017652243326	39.7808166666667	0.221165713275307	46.3373666666667	0.0648400814172231	1
9.721285	0.0142136256313904	39.7678166666667	-0.158885982029699	46.3572333333333	0.0773353618475432	1
9.72507666666668	0.0139959732662054	39.8275833333333	-1.58738636537582	46.3740666666667	0.0658135184368649	1
9.72057500000001	0.0139254289324095	39.8062166666667	-0.264807220660206	46.3918	0.0711643597715525	1
9.72009333333333	0.0158965128489496	39.7902833333333	0.595148225841954	46.3992833333333	0.0842601081129683	1
9.72179166666666	0.01497504648577	39.8117333333333	-0.537135045284781	46.3843166666667	0.0702078009250712	1
9.71829833333332	0.0161513913629907	39.80845	-0.556400873763517	46.44075	0.0897372105046319	1
9.71729833333335	0.0145050563018357	39.8011	-0.384055457316892	46.4441	0.0888761659915407	1
9.71887166666667	0.0142928539258073	39.7572333333333	-0.0102414000197044	46.4046	0.0703808525579197	1
9.72163000000002	0.0157255181112244	39.80085	-0.177314777361367	46.4387166666667	0.0625397749142709	1
9.72044333333334	0.0141639619664321	39.8399333333333	-0.559857861219405	46.4028833333333	0.0586810082945351	1
9.72020333333334	0.0145066442283126	39.8426666666667	-0.69328813556528	46.4165833333333	0.0472236983263253	1
9.71887666666666	0.0164413701774236	39.8397166666667	0.286828613597991	46.4348	0.0701921817076612	1
9.72252333333333	0.0155334564517299	39.8385	-0.760155068147275	46.4168666666667	0.0667285080404967	1
9.71907833333334	0.015086136563622	39.8434	-0.922329809142402	46.4518	0.0815969424485328	1
9.72068833333335	0.0137227932888426	39.8403	-0.700947059909951	46.4367166666667	0.0482209222706569	1
9.71755333333334	0.0153611119983309	39.87105	0.269751465619438	46.4672166666667	0.0659977122527655	1
9.71715166666667	0.0138661138178501	39.8878666666667	-0.0684318257415116	46.5043	0.0525467669021076	1
9.71470000000001	0.0140096556257195	39.9254666666666	-2.64151826978708	46.5262833333333	0.0673120966957806	1
9.71346	0.0146915441365159	39.882	0.123265878542438	46.5337	0.0703654624449012	1
9.71009499999999	0.0149177816273445	39.8606833333333	1.92192559386346	46.5580333333333	0.0775311783466451	1
9.71044000000001	0.014408761941998	39.9649833333333	-0.79399158209394	46.6086	0.0657994384603312	1
9.71081333333333	0.0159761452667678	39.9876166666667	-0.524871320872988	46.6436666666666	0.0838935295108348	1
9.71642333333333	0.0144317213060437	40.05505	-0.337122266083945	46.662	0.0717219206261592	1
9.71329500000001	0.014873354344232	40.0194166666667	1.62055090594644	46.6884166666667	0.0679616770542232	1
9.71318666666667	0.0147092632808717	40.0282333333334	1.03047935491996	46.6804333333333	0.0543863662709517	1
9.70680666666668	0.0140711033257369	40.0134	2.64040683193427	46.7350166666667	0.081215655931364	1
9.70225333333334	0.0144861624914412	40.0132166666667	2.49298577167625	46.7443833333333	0.0755205868591352	1
9.70417833333333	0.0159492055963345	40.0590333333333	-0.261509124456192	46.74985	0.0832708110090309	1
9.70032000000001	0.015707816286406	40.0977833333333	-0.0868788106493984	46.7853833333333	0.0835963042867057	1
9.71430833333334	0.0137959103526972	40.01895	-0.405305016790375	46.7867166666667	0.0831997986606656	1
9.7154	0.0160182491920507	39.9299	-0.074479006182831	46.7559666666667	0.0856435194826712	1
9.72227333333333	0.0146922334958776	40.0130333333333	-0.958643271597041	46.7626666666667	0.0885029285480547	1
9.72270666666666	0.0143816552908116	40.0168166666667	2.11768286046652	46.7387	0.0836413448975513	1
9.725855	0.0142145722801819	40.0194166666667	1.69484790108449	46.7338	0.0761013597063323	1
9.72818833333333	0.0158379585840181	40.0141	1.41251358993664	46.7399333333333	0.0873593526600055	1
9.72836166666668	0.0148248831076048	40.04565	0.320863259417703	46.7693833333334	0.0796805255893321	1
9.73285166666666	0.0151151284834325	40.0810166666667	0.0444734065459847	46.8018	0.0821403924253874	1
9.729735	0.0156849653670091	40.0616166666667	0.318361134960954	46.7844333333333	0.0838746778349758	1
9.73141666666666	0.0146074873506725	40.0427166666667	0.394791678899578	46.7697666666667	0.0750503484486249	1
9.732375	0.0151811886605951	40.09965	-0.144976389817946	46.8117166666667	0.0755484111638263	1
9.72749166666667	0.0156844913636938	40.1440333333333	-0.309767605724652	46.82075	0.0822144003634318	1
9.72772666666666	0.0148604624579114	40.1777166666666	-0.945039136511762	46.8557333333333	0.0846836319138728	1
9.72990833333333	0.0152860296259394	40.2056333333333	0.51280336405805	46.8649333333333	0.0688035441210395	1
9.72859166666667	0.0159626524846635	40.2155166666667	0.316647320749082	46.8970333333333	0.0772286867459056	1
9.732885	0.0166772897975556	40.2411166666667	-1.32360111934591	46.9231833333334	0.0637966822543829	1
9.726225	0.0149428865383108	40.2504333333333	-1.7471130529331	46.9387666666667	0.0616706305032356	1
9.72364333333334	0.0158788018902984	40.2327833333333	-0.911546428503687	46.9445166666667	0.0668668019950077	1
9.72308833333334	0.0151302811022337	40.2616	-0.633961915133833	46.9527166666667	0.0676371404508032	1
9.72145666666666	0.015446870186324	40.2898333333333	0.418002245468375	46.96765	0.083035998932054	1
9.71874666666669	0.0142178080471287	40.2996	0.496753742706575	46.9726166666667	0.0788790302452397	1
9.71674833333334	0.0152118593537154	40.3273333333333	0.41653715419013	46.979	0.0882473411516683	1
9.71801166666667	0.0163032058634061	40.3061833333334	0.402433677431691	46.9856666666667	0.0814222446319427	1
9.72061666666668	0.0150292887863863	40.30025	-0.0300985640117872	47.0365333333333	0.0843464338544008	1
9.72040000000001	0.0152014848584989	40.2901666666667	0.724488977781608	47.0439	0.0822463640945882	1
9.72276833333333	0.0154885276264601	40.3791333333333	-0.830662824246162	47.0913	0.0799765431712766	1
9.72391500000001	0.0167273463284524	40.3784333333333	-0.378532744270994	47.07025	0.072819401633337	1
9.60979999999999	0.0613702738915937	38.4196166666667	0.157457114246018	47.0551	0.10566042505938	1
9.55473833333333	0.0153048007315115	35.8286666666667	0.134867688002078	46.5878666666666	0.1962440081492	1
9.59345166666667	0.025293489245639	34.9205333333333	0.0854065665062139	45.9111166666667	0.324230462692592	1
9.65136666666667	0.0256823193026544	34.2225666666667	-0.00962271380033635	44.9424	0.320627678896529	1
9.71458166666668	0.023769974408088	33.6004333333333	-0.211235480057212	44.0537	0.265473756243884	1
9.79541500000001	0.0362199196478793	33.1403666666667	-0.111652598036491	43.323	0.23565696125901	1
9.84296833333333	0.0207402409149679	32.7338333333333	0.104441810926586	42.6670166666667	0.213482781560009	1
9.90146	0.0424811269103424	32.42315	-0.56493175611591	42.0976166666667	0.199817127552362	1
9.96452333333332	0.0221946042162522	32.1558833333333	-0.48061135856699	41.61735	0.18141887340384	1
9.98841333333334	0.0173643799690171	31.9205	-0.135349338339119	41.1850166666667	0.165545783688909	1
10.0159183333333	0.0197254527544025	31.7526333333333	-1.03516098824259	40.7989666666667	0.168101257485962	1
10.0399833333333	0.0193394177097228	31.53125	-1.22870184505219	40.4818666666667	0.146370607712956	1
10.0567483333333	0.0176454129512249	31.3969333333333	0.976623173167988	40.2269666666667	0.120737418780532	1
10.0716816666667	0.0166430761538243	31.2879333333333	-0.872925208158444	39.9920166666667	0.127621991047272	1
10.0896566666667	0.0164364143011999	31.1848666666667	-0.115929597382692	39.7722666666667	0.107846071515114	1
10.1052983333333	0.0176155189554269	31.1331666666666	-1.90324071247287	39.6201833333333	0.118610099273702	1
10.1163433333333	0.0150258138112395	30.94085	0.485400279747622	39.45955	0.0965449618624245	1
10.1230383333333	0.0167511551607918	30.89305	-0.821683602721857	39.32275	0.096400932726341	1
10.13353	0.0169931470032812	30.8904833333333	-0.378689210135331	39.1978666666667	0.0830840837450317	1
10.1371683333333	0.015538954138393	30.8495833333333	0.225487544471824	39.0903	0.0966670504570594	1
10.1408533333333	0.0146060735493757	30.7661166666667	0.265437958116093	39.0111833333333	0.084352467068633	1
10.1418366666667	0.0154714446067345	30.7986	-0.949214043754622	38.9207333333333	0.100004384084691	1
10.1474483333333	0.0170114563348727	30.6611	1.03435681375877	38.8503333333333	0.0797131864273129	1
10.153935	0.0154604598259577	30.6949833333333	-0.750920933403691	38.7994833333333	0.0798338298936005	1
10.160785	0.0159286422650314	30.6791666666667	0.126201914538468	38.7638	0.0781603740254405	1
10.1620533333333	0.0143471329049818	30.63635	-1.02792398472696	38.69575	0.0765109109312223	1
10.1502183333333	0.0132044661800742	30.6378666666667	-0.612477511584116	38.6502166666667	0.0713516219493447	1
10.1504416666667	0.0161416909750738	30.63915	-0.967133858803742	38.62965	0.0762882190962751	1
10.14603	0.0140982398645646	30.6342666666667	-2.13200656443771	38.5946333333333	0.0812432978548236	1
10.13982	0.0156137946799354	30.6292	-1.7422348733354	38.5774833333333	0.0836425995726861	1
10.1339033333333	0.0146913937609729	30.61435	-0.587722698872029	38.5428666666667	0.0643993016770916	1
10.1366033333333	0.0145111547292021	30.6414666666667	-1.93581383700925	38.5213	0.0743015614499332	1
10.1359716666667	0.0155409158029875	30.62955	-1.05146148945824	38.5043833333333	0.0764281188086733	1
10.138815	0.0145268426345236	30.6002166666667	0.111192781639779	38.4712166666667	0.0694128136626442	1
10.1363583333333	0.0154744637689684	30.5994166666667	-0.0778761407481196	38.4619333333333	0.0816766810417069	1
10.1399733333333	0.0147852503620783	30.5801833333333	0.966373339093164	38.447	0.0838153741813074	1
10.1501533333333	0.0144886054666937	30.5597833333333	-0.809398000025922	38.4317333333333	0.0933854535666725	1
10.1509733333333	0.0151756314048692	30.6323666666667	-2.38359413039335	38.42275	0.0789216786183126	1
10.1519933333333	0.0150513851815049	30.60195	-0.0468370392782251	38.4234	0.0846126167616528	1
10.1516216666667	0.0148829107460878	30.5863166666667	0.569145136142386	38.4159833333333	0.078600576110941	1
10.1523366666667	0.0149689714319915	30.6184333333333	-0.966212905466211	38.4194	0.0814023695153403	1
10.1540016666667	0.0150330186580133	30.6410333333333	-1.70687703945047	38.40615	0.0766136742673645	1
10.15421	0.0147606128877283	30.5941	0.365720678177736	38.4034	0.0697574976226664	1
10.1554866666667	0.0150328462485578	30.5361166666667	-0.70705164247878	38.4123666666667	0.0748154716770529	1
10.1530233333333	0.0145005712473586	30.5222166666667	-0.326687668270631	38.4109	0.0790039046449767	1
10.1534433333333	0.0156478394788594	30.5595166666667	-0.708356043492541	38.4016166666667	0.0728351032118925	1
10.16134	0.0152657395718143	30.5583	-0.0133320262694362	38.39245	0.0675665208943219	1
10.157025	0.0145745808061889	30.5578	-0.107067497617949	38.4025833333333	0.0652742043338141	1
10.1576583333333	0.0152983112717876	30.55435	-2.94334022769886	38.3982666666667	0.066251668777618	1
10.1551616666667	0.0156919063138239	30.5085666666667	0.347737117148411	38.3960666666667	0.0651613035491622	1
10.156585	0.0157119131667322	30.5062	0.433324527963974	38.3996666666667	0.0619870589738377	1
10.1572583333333	0.0155036189610804	30.48055	-1.01306439444124	38.39815	0.0658927801399845	1
10.1537633333333	0.0151524469961844	30.5117166666667	0.371183249900947	38.3996833333333	0.0648825514312285	1
10.1529783333333	0.0153308922653459	30.5049333333333	0.697085804173972	38.3996833333333	0.0615069216627644	1
10.1555966666667	0.0162896565466014	30.5171666666667	-0.036849543967569	38.3999333333333	0.0643456941961305	1
10.1560716666667	0.0158511396520673	30.5049166666667	0.536425594593718	38.4041	0.0652278145932406	1
10.1557083333333	0.0151405192368082	30.5573166666667	-0.981765082076962	38.3960166666667	0.0644834735539419	1
10.1528266666667	0.0162009487414295	30.5263333333333	-0.555407465121432	38.39525	0.0647175414357769	1
10.1467383333333	0.0161270994328103	30.5166833333333	-0.292065253311128	38.3968666666667	0.06480177510298	1
10.1472216666667	0.0154054560903318	30.5358166666667	-1.1219041398505	38.39175	0.0599589195524595	1
10.14792	0.015127072216937	30.5047333333333	0.385383501156189	38.3857333333333	0.0583678767777971	1
10.1534133333333	0.013829240834514	30.5552166666667	-2.49349487509981	38.3802666666667	0.0566616082820402	1
10.14875	0.014843451308391	30.5531166666667	-0.808618469233633	38.3837	0.0666656977330718	1
10.1475033333333	0.0158549346833063	30.4862	1.53895055486486	38.3767	0.0772958875832863	1
10.1468766666667	0.0151927445853479	30.5400666666667	-1.45787477098364	38.3794333333334	0.0530057133686323	1
10.1545666666667	0.0154058795300923	30.5309666666667	-0.668114032323732	38.3575333333333	0.0711518944961801	1
10.1577416666667	0.0154382262129828	30.55485	-0.491569301537368	38.3628166666667	0.0766748564773306	1
10.1574916666667	0.0146460726121541	30.5453333333333	-2.00432578381448	38.3589	0.0703296595822081	1
10.1564483333333	0.0157408265323678	30.54	-1.37407440651292	38.3402833333333	0.0585688329411675	1
10.1568133333333	0.0155459947299123	30.5551	-0.616282856139012	38.3508	0.0690445201497695	1
10.1661	0.0165107341014145	30.4810833333333	0.985877381692138	38.3611333333333	0.0694490342739329	1
10.1676883333333	0.0147159367766461	30.5219666666667	-0.397308370114565	38.3449166666667	0.0685056701022494	1
10.1696283333333	0.0146813748846305	30.5464333333333	-1.56876173620147	38.3540166666667	0.0636360125274638	1
10.1651466666667	0.0145989853360989	30.5236833333333	-0.304967146507565	38.3497666666667	0.0749572458176327	1
10.1664866666667	0.0160053149213558	30.51135	0.178442499943404	38.3475833333333	0.0766637588493028	1
10.167215	0.0146964423369151	30.4756333333333	-0.875819097799592	38.3723333333334	0.0736500351908667	1
10.1672966666667	0.0151197332243942	30.5345	-1.2414028062318	38.3641166666667	0.0650462916429307	1
10.1626133333333	0.0144885132864271	30.5381166666667	-1.66246828093535	38.3600666666667	0.0649079835435032	1
10.1654466666667	0.0161642391283935	30.5385666666667	-1.64615255542257	38.3753666666667	0.0511133558010332	1
10.16674	0.0146131781265495	30.5555666666667	-0.683894682022924	38.37655	0.0540434304322126	1
10.1693283333333	0.0146725140427984	30.5543833333333	-0.693846418734242	38.3816166666667	0.0521555989053447	1
10.1680333333333	0.0152820632764536	30.5549166666667	-0.604406529877597	38.3847666666667	0.0546806961465694	1
10.167985	0.015763319618945	30.55575	-0.772881620049255	38.3732833333333	0.062538961867083	1
10.1739883333333	0.0156154175736317	30.4732833333333	0.415392008082158	38.3801166666667	0.0602072949199849	1
10.1747266666667	0.015932410103572	30.5178	-0.15245742414012	38.3763	0.0659844100745126	1
10.1704566666667	0.0157536795571131	30.5562333333333	-0.946769629126065	38.3825333333333	0.0547510441558717	1
10.172185	0.0149515893817927	30.5334333333333	-0.774418168628812	38.388	0.0612355828760497	1
10.1740166666667	0.0159647897912047	30.5593833333333	-0.662838046960943	38.3776	0.0482852400509693	1
10.170045	0.0145459828714377	30.5565333333333	-0.529968371972774	38.39305	0.0628326874339271	1
10.166835	0.0160915922322066	30.5849333333333	0.639188463205134	38.3889333333333	0.0613013856858528	1
10.1710466666666	0.0152610393188245	30.5573833333333	-0.659554808145418	38.3839333333333	0.0592729585546331	1
10.1705433333333	0.0156808142469697	30.5530166666667	-1.34085625591343	38.38985	0.0650178137258935	1
10.1698033333333	0.0144076584933497	30.5212166666667	-0.407187507617067	38.3870333333333	0.0629737547341017	1
10.1715766666667	0.0143798036661847	30.5547833333333	-0.534086081232374	38.3826166666666	0.0630872658097076	1
10.1741	0.0151238625588118	30.5812166666667	0.679751973550706	38.3960666666667	0.0704154419376671	1
10.1749366666667	0.0151813518709613	30.5534833333333	-1.07705712417827	38.40225	0.07722948962538	1
10.1741633333333	0.0145157788382514	30.5576166666667	-0.870389195328726	38.3951833333333	0.0749484549804386	1
10.1779383333333	0.0148207271687967	30.5561833333333	-0.828271658036746	38.4091666666667	0.0722395184272355	1
10.1758466666667	0.0138339722013239	30.5589	-1.1297377131839	38.4190666666666	0.0774276845042113	1
10.1747266666667	0.0152238266231142	30.6241333333333	-1.11483928098045	38.41815	0.0846880266885872	1
10.1754433333333	0.0149608321868056	30.5907166666667	0.367160815492467	38.4233833333333	0.0781506783788434	1
10.173155	0.0141690594398152	30.6176666666667	-0.821560424026239	38.4256833333333	0.0764153440236971	1
10.1737	0.0132142989280653	30.5917	0.255523221359315	38.4265333333333	0.0827478232939517	1
10.1751683333333	0.015407107520854	30.6131833333333	-0.606712243301578	38.4310833333333	0.0807050061805271	1
10.1758216666667	0.0142185374975712	30.6191	-0.74594466041283	38.43285	0.0876423442661968	1
10.17589	0.0147915251194369	30.5635	-0.637196805349963	38.4415	0.0690554923011136	1
10.1745733333333	0.0140344658826015	30.5507333333333	-1.19806041026134	38.44685	0.0794478455937704	1
10.1699066666666	0.0142331394752209	30.5900333333333	-0.142311272087527	38.4562666666667	0.0787419873064668	1
10.1684133333333	0.0152814165478336	30.6450333333333	-1.49553573467449	38.4741	0.0614885134650004	1
10.1708183333333	0.0155165482417252	30.5881166666667	0.738289450848291	38.4764833333333	0.0635613920943505	1
10.169945	0.0159652787388345	30.61975	-0.630475202283968	38.4824833333333	0.0738207842825476	1
10.1675333333333	0.0147596963592272	30.6442166666667	-0.733754745428817	38.4822333333333	0.0659119511980526	1
10.16838	0.0151232752986778	30.6396333333333	-1.41968452593941	38.49045	0.066081722645499	1
10.1686133333333	0.0149499048485441	30.6400833333333	-2.41487273171854	38.4844666666667	0.0621827450769971	1
10.1721983333333	0.0160438359401676	30.64005	-2.75391171135883	38.4836833333333	0.0627266038946654	1
10.1713316666667	0.0145830760610107	30.6094333333333	-0.431011174370934	38.4886833333333	0.0673021246967771	1
10.1711416666667	0.0146868797895313	30.5897166666667	0.516213559179345	38.4808666666666	0.0744444888551457	1
10.1732683333333	0.0144038924398205	30.5160666666667	0.229316981167308	38.4867	0.0743572001916355	1
10.1685733333333	0.0150750362105747	30.5599	-0.745792549001214	38.47135	0.0767741183878862	1
10.1689933333333	0.0153077486098183	30.5642	2.19179363686032	38.4650166666666	0.0830485852626301	1
10.1683983333333	0.0151794935883323	30.6044	-0.196680951353007	38.4570833333333	0.0786285607459006	1
10.1695966666667	0.0139371588286822	30.5992	0.0499993525229537	38.4569333333333	0.0782195663818953	1
10.167225	0.0151724986799688	30.6240666666667	-0.686397495735664	38.4494666666667	0.0778225854251834	1
10.1687133333333	0.0148283834975633	30.5679166666667	-0.51028725880452	38.4457	0.0792107893695196	1
10.1715833333333	0.0157648535218853	30.5631666666667	2.55101289528023	38.4526833333333	0.0870352532640336	1
10.172965	0.0143238401156755	30.572	1.70460497003657	38.43825	0.0875285183550126	1
10.1718366666667	0.0150458394369615	30.5972666666667	-0.111933759031748	38.4343666666666	0.08382284925065	1
10.1686766666667	0.0148359573876523	30.5826833333333	0.788154320876243	38.4249666666667	0.0818690493589488	1
10.1679633333333	0.0150331405372567	30.597	0.0609681527061004	38.4217333333333	0.0807378823707779	1
10.1705933333333	0.0147562710323506	30.6097833333333	-0.406891682678829	38.4227833333333	0.082948644857019	1
10.1705383333333	0.0145714014467527	30.57265	1.65480318011953	38.4258666666667	0.0813945125095467	1
10.17021	0.0141574464086816	30.5540333333333	-0.894529403674351	38.4192666666666	0.0781159213934089	1
10.173385	0.0147271265162526	30.5650666666667	-1.04790254412428	38.4142166666667	0.0793603862386949	1
10.1727583333333	0.0150459484523334	30.5627	-0.808430630906421	38.4138	0.0838779985697554	1
10.1804266666667	0.0150937401110457	30.5662666666667	2.80966320874438	38.4182166666667	0.0850778490294644	1
10.183925	0.0131439713038358	30.52445	0.182555986074168	38.41025	0.0855430558653345	1
10.1770716666666	0.0143953200481164	30.56515	-2.87034405934954	38.4030666666667	0.0781948601775855	1
10.1722916666667	0.0143883623868684	30.5679333333333	-0.688815500593071	38.41435	0.0802011929832238	1
10.176585	0.0150915771597476	30.5674666666667	0.14002395665156	38.4041333333333	0.0792873911506759	1
10.175875	0.0139765857746636	30.56385	0.0136384739075482	38.40705	0.0824159407404637	1
10.1795583333333	0.0153675045974119	30.6284833333333	-1.24344478001158	38.4116333333333	0.0762606962026365	1
10.1851616666667	0.0159118669469819	30.5880333333333	0.695463348692971	38.4020333333333	0.0787796684315952	1
10.19139	0.014848412673803	30.5670666666667	-0.628393586424033	38.4048666666667	0.0814003428691128	1
10.1936683333333	0.0166349892897473	30.5536333333333	-1.52924729169895	38.4111166666667	0.0831021612777889	1
10.1978766666667	0.0147812583435665	30.5610166666667	-0.55025759596839	38.41145	0.0806882313473669	1
10.1994833333333	0.0142222892463872	30.5453	-1.23338235269065	38.4100166666667	0.0764918277825428	1
10.20001	0.0153675036015909	30.5555333333333	-1.01870158637808	38.4015	0.0746357255302296	1
10.20275	0.0150974851137952	30.5557166666667	-1.78462842113091	38.3983166666667	0.0749238012163067	1
10.2027516666667	0.0151731243781413	30.5628666666667	-0.931418379027528	38.3961166666667	0.072057672680225	1
10.20459	0.0143591623213526	30.5587166666667	-0.294460032637324	38.3929333333333	0.0688124118353587	1
10.2072333333333	0.015854268150455	30.5587166666667	-0.757845447105919	38.3962166666667	0.0680117366906894	1
10.2076316666667	0.0152492698494209	30.5651833333333	-0.217468257219367	38.40385	0.0756219018135509	1
10.2052216666667	0.0153788831616947	30.5520333333333	-1.31785523785744	38.3989166666667	0.0743432925101045	1
10.2082866666667	0.0142633643118085	30.49165	1.27537928956515	38.3938333333333	0.0747214412689619	1
10.2051616666667	0.0147488330843881	30.5414833333333	-1.08625568262879	38.4016166666667	0.0745413300592748	1
10.1937016666667	0.0147628780449197	30.547	-1.48129199532065	38.3870833333333	0.0660883567956936	1
10.1998766666667	0.0147941283153117	30.511	0.058450332350515	38.3888833333333	0.069697674417509	1
10.1986333333333	0.0144689716562791	30.5572333333333	-0.575686156206533	38.38605	0.0666369941027573	1
10.1974183333333	0.0149209379017765	30.5606166666667	2.16895000058453	38.3908	0.0628767424868908	1
10.199595	0.0143457534740389	30.5589833333333	-0.875296807828589	38.3878666666667	0.0657600844020522	1
10.1980833333333	0.0143070218311972	30.5156833333333	-0.0314962097507867	38.3934166666666	0.061867625680518	1
10.1952566666667	0.0142606591556917	30.5677	1.71248595408234	38.39225	0.0612982774110289	1
10.1952	0.0148171943615488	30.5578333333333	-0.550657650797905	38.3929333333333	0.0601213086302391	1
10.196035	0.0157854069778311	30.5457166666667	-1.43049784862889	38.3894333333333	0.0636540881472128	1
10.2006416666667	0.0150710038091445	30.48365	1.57690320512926	38.39135	0.061389786872113	1
10.208565	0.0161916457054583	30.5074166666667	0.535839262002022	38.3859666666667	0.0561423634321845	1
10.2087483333333	0.0151517090686736	30.4882333333333	1.28999596865517	38.3940166666667	0.0599769706274812	1
10.20744	0.0149784397082436	30.5435833333333	-1.11502854147804	38.3956166666667	0.0619841673788534	1
10.2052116666667	0.0144653242814152	30.52335	-0.296685850379009	38.39815	0.0554231258713904	1
10.2082516666667	0.0152211849519387	30.5193333333333	-0.581394018106012	38.3945166666667	0.0554321976027785	1
10.2066433333333	0.0160796054597677	30.4911166666667	0.82432274054677	38.3952833333333	0.0542774078751898	1
10.2129283333333	0.0140279900459797	30.4794166666667	0.0428968323796182	38.3986	0.0611913364866046	1
10.2099083333333	0.0159003553226922	30.5168666666667	-0.191124592744549	38.39255	0.0563970263069886	1
10.2093166666667	0.0154608576439785	30.4797	1.65892809782679	38.3899333333333	0.0518494779296956	1
10.2065733333333	0.0155884451306582	30.47055	-0.837044337106664	38.3886666666667	0.05883117663818	1
10.2110783333333	0.014520109728687	30.4958	0.829543468414238	38.3910833333333	0.0591267789474497	1
10.2060883333333	0.0153897781880274	30.5261	-0.278368801345558	38.3906833333333	0.0597603949305894	1
10.20728	0.0157270626893493	30.5201666666667	0.0379335923818727	38.3927166666667	0.0621703759817934	1
10.2105916666667	0.0149902003789551	30.5108833333333	0.391090426624523	38.3885666666667	0.0630892202956591	1
10.2074833333333	0.0146814723923807	30.50205	0.630742755204543	38.3898833333333	0.0584816621024057	1
10.2110833333333	0.0145995994029551	30.4983166666667	0.794777901227384	38.3902333333333	0.0633610495404721	1
10.209685	0.0149267250326498	30.5579333333333	-1.1997638006323	38.3933166666667	0.0639357441384014	1
10.2074383333333	0.0142528864389624	30.56055	-0.542419779032243	38.3965666666667	0.0621606357172154	1
10.2023516666667	0.0148730183558655	30.5567	-1.035368161761	38.3935166666667	0.0595498627890289	1
10.2004166666667	0.0148460004188429	30.518	-0.0644591620713152	38.3991833333333	0.0619749790044247	1
10.1932	0.0152627515860223	30.5420166666667	0.467723984533261	38.4007666666667	0.0712047338615472	1
10.1952033333333	0.0152597538983198	30.5531833333333	-1.31039836832013	38.4101666666667	0.0739581115219086	1
10.1958983333333	0.0148118302182043	30.57285	0.473892684704028	38.4145833333333	0.0772280996692982	1
10.1949683333333	0.0145597839752025	30.5712666666667	1.31024583285964	38.43275	0.0769639195679004	1
10.1957333333333	0.0153243907047886	30.5523333333333	-1.68839530862566	38.441	0.0799832609606432	1
10.19339	0.0141545688630738	30.5608	0.0878663224865849	38.4378333333333	0.0855956530392113	1
10.1975983333333	0.0148610817284316	30.55955	-0.474333401652605	38.4456666666667	0.0826749130204426	1
10.19291	0.0142375001557322	30.5929833333333	0.22314096897426	38.4544833333333	0.0783418176677066	1
10.1868866666667	0.0150085280895423	30.6397333333333	-0.682927096566914	38.455	0.0806118551234289	1
10.1869383333333	0.0147846375132959	30.6356666666667	-0.466238189124763	38.4891333333333	0.0612703004522913	1
10.1860683333333	0.0164454985104634	30.63565	-1.68163157010443	38.5001833333333	0.0629558606920762	1
10.1952333333333	0.0133384937148036	30.6375833333333	-1.81453076816303	38.4985833333333	0.0616117674393911	1
10.1877366666667	0.013979259221057	30.6354833333333	-0.760847730308543	38.49975	0.0640533741949846	1
10.1813983333333	0.0141805551417815	30.63975	-0.85161278263337	38.50665	0.0624670285912243	1
10.1789216666667	0.0141398522950949	30.64215	-0.44667852054097	38.5071333333333	0.0627328115878558	1
10.1840383333333	0.0147470671843519	30.64155	-0.957705211297931	38.4995333333333	0.0584124628757334	4
10.1810433333333	0.0140927569535966	30.6430166666667	-1.09327095944931	38.4987666666667	0.0696354591795098	4
10.180505	0.0165464886146818	30.6373666666667	-0.988276534419022	38.5006166666667	0.0695138302704576	4
10.190175	0.0142681583337536	30.6395833333333	-0.978804564498189	38.5102	0.0769917010715975	4
10.1876833333333	0.013401208012061	30.6377666666667	-0.976335598449089	38.5155	0.0678364183976199	4
10.18668	0.0150066518361766	30.6414833333333	-1.03713897799261	38.5501166666667	0.0683793237821478	4
10.1876933333333	0.0151742012264344	30.6412	-1.22293439956343	38.5602166666667	0.0593084701604099	4
10.1867233333333	0.0149938258486014	30.6365166666667	-1.95173652209085	38.5595333333333	0.0597572679550042	4
10.1878233333333	0.0158697364959107	30.6398	-1.12629786287122	38.5619	0.0642462687698461	4
10.1926516666667	0.0152835306043831	30.67145	0.332311404922919	38.5622	0.0590296679214371	4
10.1952666666667	0.0158765759846768	30.7012333333333	-0.702120436823449	38.5577333333333	0.0635740237610851	4
10.20039	0.0135591660870039	30.6528333333333	1.29885106076873	38.5	0.0634032026138655	4
10.1997	0.0142056209336369	30.63955	-0.339853939682815	38.49015	0.0636097276965334	4
10.201265	0.0155350250511191	30.6407666666667	-0.917906005498234	38.4882333333333	0.0623387048653869	4
10.2043666666667	0.0150814889097567	30.6414833333333	-1.02370504087037	38.4814166666667	0.0569315055806854	4
10.2052416666667	0.0150059508692843	30.6426833333333	-0.664709775064084	38.4866	0.0626921993904093	4
10.2089716666667	0.0148257839704838	30.6449833333333	-2.40798894121036	38.4870166666667	0.0621085686019681	4
10.2065416666667	0.0145668087474241	30.6506	2.0683611813303	38.4903166666667	0.0656168879839679	4
10.2078333333333	0.0142355179805952	30.6751	0.331486752214666	38.4959833333333	0.0647201254075452	4
10.206675	0.0143443010735558	30.6449666666667	-1.11540488855008	38.5152666666667	0.0574712504889905	4
10.200145	0.0144131956443093	30.6462	-1.00868772183215	38.542	0.0518968990941956	4
10.2026933333333	0.0141569766853781	30.6570333333333	2.01845176049395	38.5581166666667	0.0575915164617277	4
10.1992866666667	0.0138291925469176	30.6879833333333	-0.00785645435053533	38.55715	0.0563622740155441	4
10.199915	0.0144258315540807	30.6933166666667	-0.287730803853856	38.5472833333333	0.054835684183631	4
10.2008183333333	0.0141431507006675	30.6684166666667	0.59133789485286	38.557	0.0563102784367734	4
10.2024033333333	0.0150588380437404	30.6419666666667	-0.838361045720139	38.5523	0.0521225088824711	4
10.2038666666667	0.0140570821350833	30.6402166666667	-0.749659623727271	38.5627333333333	0.0600239688471031	4
10.2034683333333	0.0152445506470216	30.6368166666667	-0.774695742185161	38.5585	0.056181455411935	4
10.20407	0.0149544137570829	30.6401166666667	-2.20639910065849	38.5636166666667	0.0611771785483858	4
10.19728	0.0143471716919839	30.6476166666667	-0.869712261564806	38.55925	0.0641316508758951	4
10.2012016666667	0.0149863932906484	30.6489	-1.06404473122612	38.56345	0.0589479589503034	4
10.2057333333333	0.0150871333109196	30.6472833333333	-0.755511378813993	38.5781	0.0720820389485681	4
10.2052633333333	0.0142291286589474	30.6493333333333	-1.20718555370691	38.5687166666667	0.0629527914774406	4
10.2050933333333	0.0156079243032928	30.6529833333333	-3.4555730850675	38.5669833333333	0.0596385984860346	4
10.2059466666667	0.014143451402853	30.6512333333333	-0.486183652555399	38.5876666666667	0.060218153315262	4
10.2001066666667	0.0143533498985802	30.6532666666667	-1.269198091186	38.5892833333333	0.0604186220217373	4
10.1979083333333	0.0148380212746782	30.6511666666667	-2.04751071482218	38.60355	0.0686063259918619	4
10.194565	0.0148995224066605	30.6509333333333	-0.995484631934142	38.6090833333333	0.0679427205581003	4
10.1980516666667	0.0146656332476012	30.6933	-0.163044129714097	38.6011333333333	0.067289525380914	4
10.2038616666667	0.0164932079071154	30.66035	1.79702704826483	38.60785	0.0563758047031897	4
10.2078783333333	0.0148901440962661	30.7036166666667	-0.864665403154637	38.61805	0.0639169018255969	4
10.20919	0.0156478537040251	30.7290666666667	-0.570760304675794	38.6157333333333	0.060951179871136	4
10.2083783333333	0.0144040848369089	30.6542666666667	1.4039035390465	38.6123666666667	0.0720703438542984	4
10.2102783333333	0.014756935402029	30.6567833333333	-1.08519934445245	38.61225	0.063695415315416	4
10.2077416666667	0.0131986845055362	30.7134333333333	-0.623892848815673	38.62195	0.0713595396447107	4
10.20104	0.014134876177063	30.7638666666667	0.470124631848778	38.6236666666667	0.069044978380386	4
10.2038233333333	0.0154582356897531	30.7898666666667	-0.51932943084998	38.62145	0.0718301728301799	4
10.2081866666667	0.0155582321146431	30.681	0.420372071947613	38.62695	0.073611307394117	4
10.2089183333333	0.0142482754328459	30.67885	0.523130553361747	38.6281833333333	0.0672474539034537	4
10.207845	0.0143065989303861	30.7577666666667	0.619254593913954	38.6338	0.0693797704116465	4
10.2110883333333	0.0149513578778945	30.7613	0.225071045421477	38.6479333333333	0.0630105900883079	4
10.2108266666667	0.0133326499546631	30.8162166666667	-3.2562932611653	38.6602166666667	0.0696108046519629	4
10.2115483333333	0.0143781854760907	30.8195166666667	-0.986301218687544	38.6708666666666	0.0663625038775961	4
10.2072783333333	0.0139539259937824	30.78615	-0.342928065458655	38.6715666666667	0.0699213521052472	4
10.2030966666667	0.0138920470236175	30.8120666666667	-1.80762785477237	38.7081666666667	0.0599486126460998	4
10.2068416666667	0.0149825696353135	30.8659833333333	-0.344267312281407	38.7175166666667	0.0493450293434302	4
10.20786	0.014488394987559	30.86945	-0.542926543558731	38.73175	0.052267118678145	4
10.198525	0.0133338802405921	30.89705	-1.13815902910041	38.7392333333333	0.0555436510786002	4
10.194845	0.0147792089333121	30.8653333333333	-0.358610614430329	38.7495666666667	0.05139556357121	4
10.196245	0.0155511426717566	30.88485	-1.85944599469687	38.7472333333333	0.0557188361379256	4
10.1929966666667	0.0144095818457896	30.8482666666667	-0.786591727006155	38.7500333333333	0.0625611474890068	4
10.202885	0.0153140232198671	30.8437666666666	-0.754629484752692	38.7409666666667	0.0551441767187504	4
10.2059833333333	0.0146730553445467	30.8952666666667	-3.72813948247656	38.7438166666667	0.0548929595271543	4
10.182675	0.0175055261963859	30.89445	-0.984769534945745	38.7476833333333	0.0576810316519166	4
10.18062	0.0139807499422688	30.8890666666667	-1.61758519753072	38.7444	0.053752161958886	4
10.1814933333333	0.014189274637796	30.8918833333333	-3.88034873900025	38.76415	0.0523316752769121	4
10.1798116666667	0.0144030764621607	30.8963833333333	-1.00306457711133	38.7837666666667	0.0471669830897136	4
10.1752133333333	0.0140978392200133	30.8887666666667	-1.89235809115962	38.7962666666667	0.0522503318184795	4
10.176755	0.0146091530871302	30.89955	1.69324869207208	38.8026	0.0617968788636456	4
10.176685	0.0130154309983748	30.8989	-0.93631939493092	38.7962666666667	0.0596074351711567	4
10.1804616666667	0.0157835483299975	30.8982166666667	-1.06288576340679	38.80125	0.0621844236314283	4
10.1800066666667	0.0142729166303686	30.8903	-1.04431925906751	38.8071333333333	0.0635243091509647	4
10.1796183333333	0.0147348064603712	30.8939166666667	-0.771062714117377	38.8084666666667	0.0695962853739559	4
10.1783433333333	0.0137166212452703	30.8977333333333	-0.599453184853164	38.7975166666667	0.0634265868615368	4
10.1749616666667	0.0146350209070733	30.89275	-0.982671603685345	38.8061166666667	0.0671855744369988	4
10.1727466666666	0.0142471327012105	30.9335666666667	-0.136884387412174	38.8067	0.0688957207595878	4
10.1758616666667	0.014772595569341	30.8993166666667	2.04596499678762	38.7950166666667	0.0688987199867984	4
10.1757733333333	0.0138761017299861	30.8961166666667	1.78190786168554	38.8020666666667	0.064857044013678	4
10.1764233333333	0.0146639868295922	30.93585	-0.330272690204405	38.80585	0.0757379122760343	4
10.175785	0.0144883388144629	30.9032666666666	1.35905600423295	38.81505	0.0654554901168782	4
10.1759983333333	0.0144075544975506	30.8914166666667	-1.2083974883259	38.8233	0.0837270180964427	4
10.178605	0.0147966395702183	30.9326666666667	-0.0762280708269331	38.8061	0.0708930203827083	4
10.1765033333333	0.0143022461860191	30.9107	0.890065223838011	38.8223	0.076648062100283	4
10.1797766666667	0.0141408413662861	30.97585	-0.780456713607144	38.8369333333333	0.0806200266718203	4
10.1821116666667	0.0145528521740432	30.96035	-1.18359543050317	38.8304333333333	0.0791889751500215	4
10.1826366666667	0.0137248658327054	30.99915	-0.483036015122725	38.8310666666667	0.0790271068420152	4
10.17742	0.0140688837207712	30.9741333333333	0.424844365789268	38.83875	0.0816133141763493	4
10.17908	0.0153715345185756	30.9573166666667	-0.628542320560848	38.8301	0.0823231952403228	4
10.1790216666667	0.0147847504306877	30.9747166666667	-1.79338380260613	38.8395	0.0900258908145277	4
10.1761433333333	0.014926177458124	30.9583333333333	-0.513645721397679	38.83605	0.0831195636682897	4
10.1755683333333	0.0143310022887406	30.9758833333333	-2.12905705625289	38.8397166666667	0.0901582585342073	4
10.1773433333333	0.0142220216115744	30.9716833333333	-2.3358479746326	38.85045	0.0854506349710124	4
10.179215	0.0140876853953965	30.9449833333333	-0.413702962826752	38.8467	0.0864243178270127	4
10.17336	0.0146778563072505	30.9785666666667	-0.730117502490504	38.89645	0.0745784594247533	4
10.172805	0.0144903505397422	30.9876	2.19172772099416	38.9067833333333	0.0652918069630278	4
10.1686016666667	0.0140430888504985	31.0322666666667	-0.634753767844205	38.92045	0.0819870649161162	4
10.1646483333333	0.015030564205071	31.0263	-0.396057123064524	38.94005	0.0808598756586076	4
10.1646966666667	0.0147972831358517	31.0599	-1.78835898258832	38.9537166666667	0.0690301068354787	4
10.166175	0.0152079972481751	31.07785	1.37859024651888	38.9702833333333	0.0627300084074782	4
10.1680883333333	0.0140567843358761	31.0819333333333	1.08676478518053	38.9820166666667	0.076725239845689	4
